TimeQuest Timing Analyzer report for ejer13
Thu Sep 24 21:22:49 2026
Quartus II 64-Bit Version 13.1.0 Build 162 10/23/2013 SJ Web Edition


---------------------
; Table of Contents ;
---------------------
  1. Legal Notice
  2. TimeQuest Timing Analyzer Summary
  3. Parallel Compilation
  4. Clocks
  5. Slow 1100mV 85C Model Fmax Summary
  6. Timing Closure Recommendations
  7. Slow 1100mV 85C Model Setup Summary
  8. Slow 1100mV 85C Model Hold Summary
  9. Slow 1100mV 85C Model Recovery Summary
 10. Slow 1100mV 85C Model Removal Summary
 11. Slow 1100mV 85C Model Minimum Pulse Width Summary
 12. Propagation Delay
 13. Minimum Propagation Delay
 14. Slow 1100mV 85C Model Metastability Report
 15. Slow 1100mV 0C Model Fmax Summary
 16. Slow 1100mV 0C Model Setup Summary
 17. Slow 1100mV 0C Model Hold Summary
 18. Slow 1100mV 0C Model Recovery Summary
 19. Slow 1100mV 0C Model Removal Summary
 20. Slow 1100mV 0C Model Minimum Pulse Width Summary
 21. Propagation Delay
 22. Minimum Propagation Delay
 23. Slow 1100mV 0C Model Metastability Report
 24. Fast 1100mV 85C Model Setup Summary
 25. Fast 1100mV 85C Model Hold Summary
 26. Fast 1100mV 85C Model Recovery Summary
 27. Fast 1100mV 85C Model Removal Summary
 28. Fast 1100mV 85C Model Minimum Pulse Width Summary
 29. Propagation Delay
 30. Minimum Propagation Delay
 31. Fast 1100mV 85C Model Metastability Report
 32. Fast 1100mV 0C Model Setup Summary
 33. Fast 1100mV 0C Model Hold Summary
 34. Fast 1100mV 0C Model Recovery Summary
 35. Fast 1100mV 0C Model Removal Summary
 36. Fast 1100mV 0C Model Minimum Pulse Width Summary
 37. Propagation Delay
 38. Minimum Propagation Delay
 39. Fast 1100mV 0C Model Metastability Report
 40. Multicorner Timing Analysis Summary
 41. Propagation Delay
 42. Minimum Propagation Delay
 43. Board Trace Model Assignments
 44. Input Transition Times
 45. Signal Integrity Metrics (Slow 1100mv 0c Model)
 46. Signal Integrity Metrics (Slow 1100mv 85c Model)
 47. Signal Integrity Metrics (Fast 1100mv 0c Model)
 48. Signal Integrity Metrics (Fast 1100mv 85c Model)
 49. Clock Transfers
 50. Report TCCS
 51. Report RSKM
 52. Unconstrained Paths
 53. TimeQuest Timing Analyzer Messages



----------------
; Legal Notice ;
----------------
Copyright (C) 1991-2013 Altera Corporation
Your use of Altera Corporation's design tools, logic functions 
and other software and tools, and its AMPP partner logic 
functions, and any output files from any of the foregoing 
(including device programming or simulation files), and any 
associated documentation or information are expressly subject 
to the terms and conditions of the Altera Program License 
Subscription Agreement, Altera MegaCore Function License 
Agreement, or other applicable license agreement, including, 
without limitation, that your use is for the sole purpose of 
programming logic devices manufactured by Altera and sold by 
Altera or its authorized distributors.  Please refer to the 
applicable agreement for further details.



+-------------------------------------------------------------------------+
; TimeQuest Timing Analyzer Summary                                       ;
+--------------------+----------------------------------------------------+
; Quartus II Version ; Version 13.1.0 Build 162 10/23/2013 SJ Web Edition ;
; Revision Name      ; ejer13                                             ;
; Device Family      ; Cyclone V                                          ;
; Device Name        ; 5CEBA4F23C7                                        ;
; Timing Models      ; Final                                              ;
; Delay Model        ; Combined                                           ;
; Rise/Fall Delays   ; Enabled                                            ;
+--------------------+----------------------------------------------------+


+------------------------------------------+
; Parallel Compilation                     ;
+----------------------------+-------------+
; Processors                 ; Number      ;
+----------------------------+-------------+
; Number detected on machine ; 20          ;
; Maximum allowed            ; 14          ;
;                            ;             ;
; Average used               ; 1.00        ;
; Maximum used               ; 14          ;
;                            ;             ;
; Usage by Processor         ; % Time Used ;
;     Processor 1            ; 100.0%      ;
;     Processors 2-14        ; < 0.1%      ;
;     Processors 15-20       ;   0.0%      ;
+----------------------------+-------------+


----------
; Clocks ;
----------
No clocks to report.


--------------------------------------
; Slow 1100mV 85C Model Fmax Summary ;
--------------------------------------
No paths to report.


----------------------------------
; Timing Closure Recommendations ;
----------------------------------
HTML report is unavailable in plain text report export.


---------------------------------------
; Slow 1100mV 85C Model Setup Summary ;
---------------------------------------
No paths to report.


--------------------------------------
; Slow 1100mV 85C Model Hold Summary ;
--------------------------------------
No paths to report.


------------------------------------------
; Slow 1100mV 85C Model Recovery Summary ;
------------------------------------------
No paths to report.


-----------------------------------------
; Slow 1100mV 85C Model Removal Summary ;
-----------------------------------------
No paths to report.


-----------------------------------------------------
; Slow 1100mV 85C Model Minimum Pulse Width Summary ;
-----------------------------------------------------
No paths to report.


+--------------------------------------------------------------+
; Propagation Delay                                            ;
+------------+-------------+--------+--------+--------+--------+
; Input Port ; Output Port ; RR     ; RF     ; FR     ; FF     ;
+------------+-------------+--------+--------+--------+--------+
; SW_A[0]    ; HEX0[0]     ; 16.792 ; 17.053 ; 17.100 ; 17.361 ;
; SW_A[0]    ; HEX0[1]     ; 16.831 ; 16.977 ; 17.139 ; 17.285 ;
; SW_A[0]    ; HEX0[2]     ; 16.496 ; 16.498 ; 16.804 ; 16.806 ;
; SW_A[0]    ; HEX0[3]     ; 16.706 ; 16.880 ; 17.014 ; 17.188 ;
; SW_A[0]    ; HEX0[4]     ; 16.487 ; 16.483 ; 16.795 ; 16.791 ;
; SW_A[0]    ; HEX0[5]     ; 17.228 ; 17.245 ; 17.536 ; 17.553 ;
; SW_A[0]    ; HEX0[6]     ; 17.036 ; 17.127 ; 17.344 ; 17.435 ;
; SW_A[0]    ; HEX1[0]     ; 15.140 ; 15.121 ; 15.453 ; 15.434 ;
; SW_A[0]    ; HEX1[2]     ; 15.113 ; 15.108 ; 15.426 ; 15.421 ;
; SW_A[0]    ; HEX1[3]     ; 15.093 ; 15.160 ; 15.406 ; 15.473 ;
; SW_A[0]    ; HEX1[4]     ; 14.787 ; 14.719 ; 15.100 ; 15.032 ;
; SW_A[0]    ; HEX1[5]     ; 15.118 ; 15.104 ; 15.431 ; 15.417 ;
; SW_A[0]    ; HEX1[6]     ; 12.146 ; 12.352 ; 12.459 ; 12.665 ;
; SW_A[0]    ; LEDR_Cout   ; 12.131 ; 12.859 ; 12.422 ; 13.150 ;
; SW_A[0]    ; LEDR_Y[0]   ; 12.764 ; 13.708 ; 13.068 ; 14.051 ;
; SW_A[0]    ; LEDR_Y[1]   ; 11.783 ; 12.024 ; 12.082 ; 12.323 ;
; SW_A[0]    ; LEDR_Y[2]   ; 12.747 ; 13.439 ; 13.055 ; 13.758 ;
; SW_A[0]    ; LEDR_Y[3]   ; 12.186 ; 12.841 ; 12.481 ; 13.136 ;
; SW_A[0]    ; LEDR_Y[4]   ; 13.750 ; 14.604 ; 14.063 ; 14.907 ;
; SW_A[1]    ; HEX0[0]     ; 16.830 ; 17.091 ; 17.138 ; 17.399 ;
; SW_A[1]    ; HEX0[1]     ; 16.869 ; 17.015 ; 17.177 ; 17.323 ;
; SW_A[1]    ; HEX0[2]     ; 16.534 ; 16.536 ; 16.842 ; 16.844 ;
; SW_A[1]    ; HEX0[3]     ; 16.744 ; 16.918 ; 17.052 ; 17.226 ;
; SW_A[1]    ; HEX0[4]     ; 16.525 ; 16.521 ; 16.833 ; 16.829 ;
; SW_A[1]    ; HEX0[5]     ; 17.266 ; 17.283 ; 17.574 ; 17.591 ;
; SW_A[1]    ; HEX0[6]     ; 17.074 ; 17.165 ; 17.382 ; 17.473 ;
; SW_A[1]    ; HEX1[0]     ; 15.178 ; 15.159 ; 15.491 ; 15.472 ;
; SW_A[1]    ; HEX1[2]     ; 15.151 ; 15.146 ; 15.464 ; 15.459 ;
; SW_A[1]    ; HEX1[3]     ; 15.131 ; 15.198 ; 15.444 ; 15.511 ;
; SW_A[1]    ; HEX1[4]     ; 14.825 ; 14.757 ; 15.138 ; 15.070 ;
; SW_A[1]    ; HEX1[5]     ; 15.156 ; 15.142 ; 15.469 ; 15.455 ;
; SW_A[1]    ; HEX1[6]     ; 12.184 ; 12.390 ; 12.497 ; 12.703 ;
; SW_A[1]    ; LEDR_Cout   ; 12.169 ; 12.897 ; 12.466 ; 13.209 ;
; SW_A[1]    ; LEDR_Y[0]   ; 12.147 ;        ;        ; 13.504 ;
; SW_A[1]    ; LEDR_Y[1]   ; 11.937 ; 12.136 ; 12.313 ; 12.512 ;
; SW_A[1]    ; LEDR_Y[2]   ; 12.785 ; 13.477 ; 13.093 ; 13.796 ;
; SW_A[1]    ; LEDR_Y[3]   ; 12.224 ; 12.879 ; 12.519 ; 13.174 ;
; SW_A[1]    ; LEDR_Y[4]   ; 13.788 ; 14.642 ; 14.101 ; 14.945 ;
; SW_A[2]    ; HEX0[0]     ; 16.874 ; 17.135 ; 17.200 ; 17.461 ;
; SW_A[2]    ; HEX0[1]     ; 16.913 ; 17.059 ; 17.239 ; 17.385 ;
; SW_A[2]    ; HEX0[2]     ; 16.578 ; 16.580 ; 16.904 ; 16.906 ;
; SW_A[2]    ; HEX0[3]     ; 16.788 ; 16.962 ; 17.114 ; 17.288 ;
; SW_A[2]    ; HEX0[4]     ; 16.569 ; 16.565 ; 16.895 ; 16.891 ;
; SW_A[2]    ; HEX0[5]     ; 17.310 ; 17.327 ; 17.636 ; 17.653 ;
; SW_A[2]    ; HEX0[6]     ; 17.118 ; 17.209 ; 17.444 ; 17.535 ;
; SW_A[2]    ; HEX1[0]     ; 15.348 ; 15.329 ; 15.641 ; 15.622 ;
; SW_A[2]    ; HEX1[2]     ; 15.321 ; 15.316 ; 15.614 ; 15.609 ;
; SW_A[2]    ; HEX1[3]     ; 15.301 ; 15.368 ; 15.594 ; 15.661 ;
; SW_A[2]    ; HEX1[4]     ; 14.995 ; 14.927 ; 15.288 ; 15.220 ;
; SW_A[2]    ; HEX1[5]     ; 15.326 ; 15.312 ; 15.619 ; 15.605 ;
; SW_A[2]    ; HEX1[6]     ; 12.354 ; 12.560 ; 12.647 ; 12.853 ;
; SW_A[2]    ; LEDR_Cout   ; 12.339 ; 13.067 ; 12.610 ; 13.338 ;
; SW_A[2]    ; LEDR_Y[0]   ; 12.571 ;        ;        ; 13.833 ;
; SW_A[2]    ; LEDR_Y[2]   ; 12.803 ; 13.452 ; 13.155 ; 13.795 ;
; SW_A[2]    ; LEDR_Y[3]   ; 12.394 ; 13.049 ; 12.669 ; 13.324 ;
; SW_A[2]    ; LEDR_Y[4]   ; 13.958 ; 14.812 ; 14.251 ; 15.095 ;
; SW_A[3]    ; HEX0[0]     ; 16.052 ; 16.313 ; 16.329 ; 16.590 ;
; SW_A[3]    ; HEX0[1]     ; 16.091 ; 16.237 ; 16.368 ; 16.514 ;
; SW_A[3]    ; HEX0[2]     ; 15.756 ; 15.758 ; 16.033 ; 16.035 ;
; SW_A[3]    ; HEX0[3]     ; 15.966 ; 16.140 ; 16.243 ; 16.417 ;
; SW_A[3]    ; HEX0[4]     ; 15.747 ; 15.743 ; 16.024 ; 16.020 ;
; SW_A[3]    ; HEX0[5]     ; 16.488 ; 16.505 ; 16.765 ; 16.782 ;
; SW_A[3]    ; HEX0[6]     ; 16.296 ; 16.387 ; 16.573 ; 16.664 ;
; SW_A[3]    ; HEX1[0]     ; 14.712 ; 14.693 ; 14.989 ; 14.970 ;
; SW_A[3]    ; HEX1[2]     ; 14.685 ; 14.680 ; 14.962 ; 14.957 ;
; SW_A[3]    ; HEX1[3]     ; 14.665 ; 14.732 ; 14.942 ; 15.009 ;
; SW_A[3]    ; HEX1[4]     ; 14.359 ; 14.291 ; 14.636 ; 14.568 ;
; SW_A[3]    ; HEX1[5]     ; 14.690 ; 14.676 ; 14.967 ; 14.953 ;
; SW_A[3]    ; HEX1[6]     ; 11.718 ; 11.924 ; 11.995 ; 12.201 ;
; SW_A[3]    ; LEDR_Cout   ; 11.703 ; 12.431 ; 11.958 ; 12.686 ;
; SW_A[3]    ; LEDR_Y[0]   ; 11.769 ;        ;        ; 13.073 ;
; SW_A[3]    ; LEDR_Y[3]   ; 11.537 ; 12.304 ; 11.829 ; 12.581 ;
; SW_A[3]    ; LEDR_Y[4]   ; 13.322 ; 14.176 ; 13.599 ; 14.443 ;
; SW_A[4]    ; HEX0[0]     ; 15.685 ; 15.946 ; 16.051 ; 16.312 ;
; SW_A[4]    ; HEX0[1]     ; 15.724 ; 15.870 ; 16.090 ; 16.236 ;
; SW_A[4]    ; HEX0[2]     ; 15.389 ; 15.391 ; 15.755 ; 15.757 ;
; SW_A[4]    ; HEX0[3]     ; 15.599 ; 15.773 ; 15.965 ; 16.139 ;
; SW_A[4]    ; HEX0[4]     ; 15.380 ; 15.376 ; 15.746 ; 15.742 ;
; SW_A[4]    ; HEX0[5]     ; 16.121 ; 16.138 ; 16.487 ; 16.504 ;
; SW_A[4]    ; HEX0[6]     ; 15.929 ; 16.020 ; 16.295 ; 16.386 ;
; SW_A[4]    ; HEX1[0]     ; 14.638 ; 14.619 ; 15.004 ; 14.985 ;
; SW_A[4]    ; HEX1[2]     ; 14.611 ; 14.606 ; 14.977 ; 14.972 ;
; SW_A[4]    ; HEX1[3]     ; 14.591 ; 14.658 ; 14.957 ; 15.024 ;
; SW_A[4]    ; HEX1[4]     ; 14.285 ; 14.217 ; 14.651 ; 14.583 ;
; SW_A[4]    ; HEX1[5]     ; 14.616 ; 14.602 ; 14.982 ; 14.968 ;
; SW_A[4]    ; HEX1[6]     ; 11.644 ; 11.850 ; 12.010 ; 12.216 ;
; SW_A[4]    ; LEDR_Cout   ; 11.953 ; 12.678 ; 12.325 ; 13.038 ;
; SW_A[4]    ; LEDR_Y[0]   ; 12.306 ;        ;        ; 13.734 ;
; SW_A[4]    ; LEDR_Y[4]   ; 13.152 ; 14.121 ; 13.479 ; 14.487 ;
; SW_B_in[0] ; HEX0[0]     ; 16.951 ; 17.212 ; 17.268 ; 17.529 ;
; SW_B_in[0] ; HEX0[1]     ; 16.990 ; 17.136 ; 17.307 ; 17.453 ;
; SW_B_in[0] ; HEX0[2]     ; 16.655 ; 16.657 ; 16.972 ; 16.974 ;
; SW_B_in[0] ; HEX0[3]     ; 16.865 ; 17.039 ; 17.182 ; 17.356 ;
; SW_B_in[0] ; HEX0[4]     ; 16.646 ; 16.642 ; 16.963 ; 16.959 ;
; SW_B_in[0] ; HEX0[5]     ; 17.387 ; 17.404 ; 17.704 ; 17.721 ;
; SW_B_in[0] ; HEX0[6]     ; 17.195 ; 17.286 ; 17.512 ; 17.603 ;
; SW_B_in[0] ; HEX1[0]     ; 15.299 ; 15.280 ; 15.621 ; 15.602 ;
; SW_B_in[0] ; HEX1[2]     ; 15.272 ; 15.267 ; 15.594 ; 15.589 ;
; SW_B_in[0] ; HEX1[3]     ; 15.252 ; 15.319 ; 15.574 ; 15.641 ;
; SW_B_in[0] ; HEX1[4]     ; 14.946 ; 14.878 ; 15.268 ; 15.200 ;
; SW_B_in[0] ; HEX1[5]     ; 15.277 ; 15.263 ; 15.599 ; 15.585 ;
; SW_B_in[0] ; HEX1[6]     ; 12.305 ; 12.511 ; 12.627 ; 12.833 ;
; SW_B_in[0] ; LEDR_Cout   ; 12.290 ; 13.018 ; 12.590 ; 13.318 ;
; SW_B_in[0] ; LEDR_Y[0]   ; 13.179 ; 13.954 ; 13.564 ; 14.330 ;
; SW_B_in[0] ; LEDR_Y[1]   ; 11.942 ; 12.183 ; 12.250 ; 12.491 ;
; SW_B_in[0] ; LEDR_Y[2]   ; 12.906 ; 13.598 ; 13.223 ; 13.926 ;
; SW_B_in[0] ; LEDR_Y[3]   ; 12.345 ; 13.000 ; 12.649 ; 13.304 ;
; SW_B_in[0] ; LEDR_Y[4]   ; 13.909 ; 14.763 ; 14.231 ; 15.075 ;
; SW_B_in[1] ; HEX0[0]     ; 16.716 ; 16.977 ; 17.067 ; 17.328 ;
; SW_B_in[1] ; HEX0[1]     ; 16.755 ; 16.901 ; 17.106 ; 17.252 ;
; SW_B_in[1] ; HEX0[2]     ; 16.420 ; 16.422 ; 16.771 ; 16.773 ;
; SW_B_in[1] ; HEX0[3]     ; 16.630 ; 16.804 ; 16.981 ; 17.155 ;
; SW_B_in[1] ; HEX0[4]     ; 16.411 ; 16.407 ; 16.762 ; 16.758 ;
; SW_B_in[1] ; HEX0[5]     ; 17.152 ; 17.169 ; 17.503 ; 17.520 ;
; SW_B_in[1] ; HEX0[6]     ; 16.960 ; 17.051 ; 17.311 ; 17.402 ;
; SW_B_in[1] ; HEX1[0]     ; 15.064 ; 15.045 ; 15.420 ; 15.401 ;
; SW_B_in[1] ; HEX1[2]     ; 15.037 ; 15.032 ; 15.393 ; 15.388 ;
; SW_B_in[1] ; HEX1[3]     ; 15.017 ; 15.084 ; 15.373 ; 15.440 ;
; SW_B_in[1] ; HEX1[4]     ; 14.711 ; 14.643 ; 15.067 ; 14.999 ;
; SW_B_in[1] ; HEX1[5]     ; 15.042 ; 15.028 ; 15.398 ; 15.384 ;
; SW_B_in[1] ; HEX1[6]     ; 12.070 ; 12.276 ; 12.426 ; 12.632 ;
; SW_B_in[1] ; LEDR_Cout   ; 12.055 ; 12.783 ; 12.389 ; 13.117 ;
; SW_B_in[1] ; LEDR_Y[0]   ;        ; 13.205 ; 12.615 ;        ;
; SW_B_in[1] ; LEDR_Y[1]   ; 11.487 ; 11.840 ; 11.862 ; 12.200 ;
; SW_B_in[1] ; LEDR_Y[2]   ; 12.671 ; 13.363 ; 13.022 ; 13.725 ;
; SW_B_in[1] ; LEDR_Y[3]   ; 12.110 ; 12.765 ; 12.448 ; 13.103 ;
; SW_B_in[1] ; LEDR_Y[4]   ; 13.674 ; 14.528 ; 14.030 ; 14.874 ;
; SW_Op[0]   ; HEX0[0]     ; 14.475 ; 14.736 ; 14.841 ; 15.102 ;
; SW_Op[0]   ; HEX0[1]     ; 14.514 ; 14.660 ; 14.880 ; 15.026 ;
; SW_Op[0]   ; HEX0[2]     ; 14.179 ; 14.181 ; 14.545 ; 14.547 ;
; SW_Op[0]   ; HEX0[3]     ; 14.389 ; 14.563 ; 14.755 ; 14.929 ;
; SW_Op[0]   ; HEX0[4]     ; 14.170 ; 14.166 ; 14.536 ; 14.532 ;
; SW_Op[0]   ; HEX0[5]     ; 14.911 ; 14.928 ; 15.277 ; 15.294 ;
; SW_Op[0]   ; HEX0[6]     ; 14.719 ; 14.810 ; 15.085 ; 15.176 ;
; SW_Op[0]   ; HEX1[0]     ; 12.776 ; 12.757 ; 13.142 ; 13.123 ;
; SW_Op[0]   ; HEX1[2]     ; 12.749 ; 12.744 ; 13.115 ; 13.110 ;
; SW_Op[0]   ; HEX1[3]     ; 12.729 ; 12.796 ; 13.095 ; 13.162 ;
; SW_Op[0]   ; HEX1[4]     ; 12.423 ; 12.355 ; 12.789 ; 12.721 ;
; SW_Op[0]   ; HEX1[5]     ; 12.754 ; 12.740 ; 13.120 ; 13.106 ;
; SW_Op[0]   ; HEX1[6]     ; 9.782  ; 9.988  ; 10.148 ; 10.354 ;
; SW_Op[0]   ; LEDR_Cout   ; 9.941  ; 10.683 ; 10.312 ; 11.028 ;
; SW_Op[0]   ; LEDR_Y[0]   ; 10.251 ; 10.906 ; 10.696 ; 11.330 ;
; SW_Op[0]   ; LEDR_Y[1]   ; 9.195  ; 9.517  ; 9.560  ; 9.861  ;
; SW_Op[0]   ; LEDR_Y[2]   ; 10.606 ; 11.235 ; 10.971 ; 11.600 ;
; SW_Op[0]   ; LEDR_Y[3]   ; 10.529 ; 11.135 ; 10.894 ; 11.500 ;
; SW_Op[0]   ; LEDR_Y[4]   ; 11.386 ; 12.240 ; 11.752 ; 12.579 ;
; SW_Op[1]   ; HEX0[0]     ; 14.937 ; 15.198 ; 15.281 ; 15.542 ;
; SW_Op[1]   ; HEX0[1]     ; 14.976 ; 15.122 ; 15.320 ; 15.466 ;
; SW_Op[1]   ; HEX0[2]     ; 14.641 ; 14.643 ; 14.985 ; 14.987 ;
; SW_Op[1]   ; HEX0[3]     ; 14.851 ; 15.025 ; 15.195 ; 15.369 ;
; SW_Op[1]   ; HEX0[4]     ; 14.632 ; 14.628 ; 14.976 ; 14.972 ;
; SW_Op[1]   ; HEX0[5]     ; 15.373 ; 15.390 ; 15.717 ; 15.734 ;
; SW_Op[1]   ; HEX0[6]     ; 15.181 ; 15.272 ; 15.525 ; 15.616 ;
; SW_Op[1]   ; HEX1[0]     ; 13.534 ; 13.515 ; 13.892 ; 13.873 ;
; SW_Op[1]   ; HEX1[2]     ; 13.507 ; 13.502 ; 13.865 ; 13.860 ;
; SW_Op[1]   ; HEX1[3]     ; 13.487 ; 13.554 ; 13.845 ; 13.912 ;
; SW_Op[1]   ; HEX1[4]     ; 13.181 ; 13.113 ; 13.539 ; 13.471 ;
; SW_Op[1]   ; HEX1[5]     ; 13.512 ; 13.498 ; 13.870 ; 13.856 ;
; SW_Op[1]   ; HEX1[6]     ; 10.540 ; 10.746 ; 10.898 ; 11.104 ;
; SW_Op[1]   ; LEDR_Cout   ; 10.301 ; 11.116 ; 10.706 ; 11.474 ;
; SW_Op[1]   ; LEDR_Y[0]   ; 11.805 ; 12.657 ; 12.177 ; 13.018 ;
; SW_Op[1]   ; LEDR_Y[1]   ; 10.621 ; 11.021 ; 10.989 ; 11.411 ;
; SW_Op[1]   ; LEDR_Y[2]   ; 11.096 ; 11.725 ; 11.443 ; 12.072 ;
; SW_Op[1]   ; LEDR_Y[3]   ; 11.019 ; 11.625 ; 11.366 ; 11.972 ;
; SW_Op[1]   ; LEDR_Y[4]   ; 11.911 ; 12.743 ; 12.254 ; 13.098 ;
; SW_Op[2]   ; HEX0[0]     ; 14.804 ; 15.065 ; 15.241 ; 15.502 ;
; SW_Op[2]   ; HEX0[1]     ; 14.843 ; 14.989 ; 15.280 ; 15.426 ;
; SW_Op[2]   ; HEX0[2]     ; 14.508 ; 14.510 ; 14.945 ; 14.947 ;
; SW_Op[2]   ; HEX0[3]     ; 14.718 ; 14.892 ; 15.155 ; 15.329 ;
; SW_Op[2]   ; HEX0[4]     ; 14.499 ; 14.495 ; 14.936 ; 14.932 ;
; SW_Op[2]   ; HEX0[5]     ; 15.240 ; 15.257 ; 15.677 ; 15.694 ;
; SW_Op[2]   ; HEX0[6]     ; 15.048 ; 15.139 ; 15.485 ; 15.576 ;
; SW_Op[2]   ; HEX1[0]     ; 13.383 ; 13.364 ; 13.802 ; 13.783 ;
; SW_Op[2]   ; HEX1[2]     ; 13.356 ; 13.351 ; 13.775 ; 13.770 ;
; SW_Op[2]   ; HEX1[3]     ; 13.336 ; 13.403 ; 13.755 ; 13.822 ;
; SW_Op[2]   ; HEX1[4]     ; 13.030 ; 12.962 ; 13.449 ; 13.381 ;
; SW_Op[2]   ; HEX1[5]     ; 13.361 ; 13.347 ; 13.780 ; 13.766 ;
; SW_Op[2]   ; HEX1[6]     ; 10.389 ; 10.595 ; 10.808 ; 11.014 ;
; SW_Op[2]   ; LEDR_Cout   ; 10.173 ; 10.956 ; 10.510 ; 11.248 ;
; SW_Op[2]   ; LEDR_Y[0]   ; 11.856 ; 12.729 ; 12.360 ; 13.072 ;
; SW_Op[2]   ; LEDR_Y[1]   ; 10.666 ; 11.035 ; 11.054 ; 11.430 ;
; SW_Op[2]   ; LEDR_Y[2]   ; 10.799 ; 11.425 ; 11.327 ; 11.943 ;
; SW_Op[2]   ; LEDR_Y[3]   ; 10.721 ; 11.326 ; 11.250 ; 11.843 ;
; SW_Op[2]   ; LEDR_Y[4]   ; 11.657 ; 12.498 ; 12.076 ; 12.881 ;
+------------+-------------+--------+--------+--------+--------+


+--------------------------------------------------------------+
; Minimum Propagation Delay                                    ;
+------------+-------------+--------+--------+--------+--------+
; Input Port ; Output Port ; RR     ; RF     ; FR     ; FF     ;
+------------+-------------+--------+--------+--------+--------+
; SW_A[0]    ; HEX0[0]     ; 9.145  ; 9.250  ; 9.665  ; 9.770  ;
; SW_A[0]    ; HEX0[1]     ; 9.182  ; 9.440  ; 9.702  ; 9.848  ;
; SW_A[0]    ; HEX0[2]     ; 9.115  ; 8.950  ; 9.523  ; 9.470  ;
; SW_A[0]    ; HEX0[3]     ; 9.080  ; 9.126  ; 9.600  ; 9.646  ;
; SW_A[0]    ; HEX0[4]     ; 8.900  ; 8.945  ; 9.420  ; 9.465  ;
; SW_A[0]    ; HEX0[5]     ; 9.584  ; 9.807  ; 10.104 ; 10.215 ;
; SW_A[0]    ; HEX0[6]     ; 9.405  ; 9.724  ; 9.925  ; 10.132 ;
; SW_A[0]    ; HEX1[0]     ; 8.888  ; 8.791  ; 9.265  ; 9.168  ;
; SW_A[0]    ; HEX1[2]     ; 8.785  ; 8.860  ; 9.162  ; 9.237  ;
; SW_A[0]    ; HEX1[3]     ; 8.800  ; 8.826  ; 9.177  ; 9.203  ;
; SW_A[0]    ; HEX1[4]     ; 9.013  ; 8.974  ; 9.391  ; 9.352  ;
; SW_A[0]    ; HEX1[5]     ; 8.810  ; 8.783  ; 9.187  ; 9.160  ;
; SW_A[0]    ; HEX1[6]     ; 8.515  ; 8.647  ; 8.892  ; 9.024  ;
; SW_A[0]    ; LEDR_Cout   ; 10.675 ; 11.202 ; 10.967 ; 11.494 ;
; SW_A[0]    ; LEDR_Y[0]   ; 10.561 ; 11.194 ; 10.939 ; 11.493 ;
; SW_A[0]    ; LEDR_Y[1]   ; 9.414  ; 10.591 ; 10.654 ; 9.952  ;
; SW_A[0]    ; LEDR_Y[2]   ; 11.152 ; 11.582 ; 11.384 ; 11.876 ;
; SW_A[0]    ; LEDR_Y[3]   ; 10.587 ; 11.116 ; 10.818 ; 11.378 ;
; SW_A[0]    ; LEDR_Y[4]   ; 11.933 ; 12.585 ; 12.190 ; 12.906 ;
; SW_A[1]    ; HEX0[0]     ; 9.512  ; 9.746  ; 9.866  ; 10.100 ;
; SW_A[1]    ; HEX0[1]     ; 9.760  ; 9.871  ; 10.152 ; 10.225 ;
; SW_A[1]    ; HEX0[2]     ; 9.389  ; 9.459  ; 9.750  ; 9.820  ;
; SW_A[1]    ; HEX0[3]     ; 9.658  ; 9.704  ; 10.043 ; 10.103 ;
; SW_A[1]    ; HEX0[4]     ; 9.381  ; 9.447  ; 9.742  ; 9.808  ;
; SW_A[1]    ; HEX0[5]     ; 10.123 ; 10.248 ; 10.503 ; 10.628 ;
; SW_A[1]    ; HEX0[6]     ; 9.925  ; 10.124 ; 10.305 ; 10.485 ;
; SW_A[1]    ; HEX1[0]     ; 8.996  ; 8.899  ; 9.400  ; 9.303  ;
; SW_A[1]    ; HEX1[2]     ; 8.893  ; 8.968  ; 9.297  ; 9.372  ;
; SW_A[1]    ; HEX1[3]     ; 8.908  ; 8.934  ; 9.312  ; 9.338  ;
; SW_A[1]    ; HEX1[4]     ; 9.405  ; 9.366  ; 9.771  ; 9.732  ;
; SW_A[1]    ; HEX1[5]     ; 8.918  ; 8.891  ; 9.322  ; 9.295  ;
; SW_A[1]    ; HEX1[6]     ; 8.623  ; 8.755  ; 9.027  ; 9.159  ;
; SW_A[1]    ; LEDR_Cout   ; 10.617 ; 11.149 ; 10.959 ; 11.495 ;
; SW_A[1]    ; LEDR_Y[0]   ; 10.953 ;        ;        ; 11.950 ;
; SW_A[1]    ; LEDR_Y[1]   ; 9.598  ; 9.893  ; 9.952  ; 10.236 ;
; SW_A[1]    ; LEDR_Y[2]   ; 9.784  ; 11.505 ; 11.258 ; 10.591 ;
; SW_A[1]    ; LEDR_Y[3]   ; 10.349 ; 10.909 ; 10.691 ; 11.251 ;
; SW_A[1]    ; LEDR_Y[4]   ; 11.695 ; 12.411 ; 12.037 ; 12.753 ;
; SW_A[2]    ; HEX0[0]     ; 9.353  ; 9.556  ; 9.670  ; 9.874  ;
; SW_A[2]    ; HEX0[1]     ; 9.482  ; 9.677  ; 9.896  ; 9.908  ;
; SW_A[2]    ; HEX0[2]     ; 8.937  ; 9.007  ; 9.308  ; 9.331  ;
; SW_A[2]    ; HEX0[3]     ; 9.371  ; 9.498  ; 9.748  ; 9.788  ;
; SW_A[2]    ; HEX0[4]     ; 8.929  ; 8.995  ; 9.301  ; 9.320  ;
; SW_A[2]    ; HEX0[5]     ; 9.552  ; 9.677  ; 9.966  ; 10.091 ;
; SW_A[2]    ; HEX0[6]     ; 9.354  ; 9.566  ; 9.768  ; 9.980  ;
; SW_A[2]    ; HEX1[0]     ; 8.464  ; 8.367  ; 8.875  ; 8.778  ;
; SW_A[2]    ; HEX1[2]     ; 8.361  ; 8.436  ; 8.772  ; 8.847  ;
; SW_A[2]    ; HEX1[3]     ; 8.376  ; 8.402  ; 8.787  ; 8.813  ;
; SW_A[2]    ; HEX1[4]     ; 9.095  ; 9.057  ; 9.506  ; 9.468  ;
; SW_A[2]    ; HEX1[5]     ; 8.386  ; 8.359  ; 8.797  ; 8.770  ;
; SW_A[2]    ; HEX1[6]     ; 8.091  ; 8.223  ; 8.502  ; 8.634  ;
; SW_A[2]    ; LEDR_Cout   ; 10.817 ; 11.353 ; 11.106 ; 11.642 ;
; SW_A[2]    ; LEDR_Y[0]   ; 11.289 ;        ;        ; 12.297 ;
; SW_A[2]    ; LEDR_Y[2]   ; 8.984  ; 10.370 ; 10.241 ; 9.739  ;
; SW_A[2]    ; LEDR_Y[3]   ; 9.492  ; 11.113 ; 10.838 ; 10.203 ;
; SW_A[2]    ; LEDR_Y[4]   ; 11.925 ; 12.641 ; 12.184 ; 12.900 ;
; SW_A[3]    ; HEX0[0]     ; 8.902  ; 9.020  ; 9.289  ; 9.407  ;
; SW_A[3]    ; HEX0[1]     ; 8.946  ; 9.149  ; 9.333  ; 9.509  ;
; SW_A[3]    ; HEX0[2]     ; 8.660  ; 8.842  ; 9.047  ; 9.202  ;
; SW_A[3]    ; HEX0[3]     ; 8.835  ; 9.025  ; 9.222  ; 9.385  ;
; SW_A[3]    ; HEX0[4]     ; 8.650  ; 8.828  ; 9.037  ; 9.188  ;
; SW_A[3]    ; HEX0[5]     ; 9.016  ; 9.141  ; 9.403  ; 9.528  ;
; SW_A[3]    ; HEX0[6]     ; 8.818  ; 9.030  ; 9.205  ; 9.417  ;
; SW_A[3]    ; HEX1[0]     ; 8.157  ; 8.060  ; 8.564  ; 8.467  ;
; SW_A[3]    ; HEX1[2]     ; 8.054  ; 8.129  ; 8.461  ; 8.536  ;
; SW_A[3]    ; HEX1[3]     ; 8.069  ; 8.095  ; 8.476  ; 8.502  ;
; SW_A[3]    ; HEX1[4]     ; 8.350  ; 8.311  ; 8.737  ; 8.699  ;
; SW_A[3]    ; HEX1[5]     ; 8.079  ; 8.052  ; 8.486  ; 8.459  ;
; SW_A[3]    ; HEX1[6]     ; 7.784  ; 7.916  ; 8.191  ; 8.323  ;
; SW_A[3]    ; LEDR_Cout   ; 10.293 ; 10.820 ; 10.593 ; 11.129 ;
; SW_A[3]    ; LEDR_Y[0]   ; 10.620 ;        ;        ; 11.611 ;
; SW_A[3]    ; LEDR_Y[3]   ; 8.956  ; 9.562  ; 9.528  ; 9.722  ;
; SW_A[3]    ; LEDR_Y[4]   ; 10.495 ; 12.032 ; 11.658 ; 11.449 ;
; SW_A[4]    ; HEX0[0]     ; 9.279  ; 9.483  ; 9.636  ; 9.840  ;
; SW_A[4]    ; HEX0[1]     ; 9.542  ; 9.604  ; 9.899  ; 9.961  ;
; SW_A[4]    ; HEX0[2]     ; 9.279  ; 9.298  ; 9.636  ; 9.655  ;
; SW_A[4]    ; HEX0[3]     ; 9.433  ; 9.482  ; 9.790  ; 9.839  ;
; SW_A[4]    ; HEX0[4]     ; 9.248  ; 9.286  ; 9.605  ; 9.643  ;
; SW_A[4]    ; HEX0[5]     ; 9.730  ; 9.855  ; 10.087 ; 10.212 ;
; SW_A[4]    ; HEX0[6]     ; 9.532  ; 9.744  ; 9.889  ; 10.101 ;
; SW_A[4]    ; HEX1[0]     ; 8.428  ; 8.331  ; 8.842  ; 8.745  ;
; SW_A[4]    ; HEX1[2]     ; 8.325  ; 8.400  ; 8.739  ; 8.814  ;
; SW_A[4]    ; HEX1[3]     ; 8.340  ; 8.366  ; 8.754  ; 8.780  ;
; SW_A[4]    ; HEX1[4]     ; 8.778  ; 8.739  ; 9.277  ; 9.239  ;
; SW_A[4]    ; HEX1[5]     ; 8.350  ; 8.323  ; 8.764  ; 8.737  ;
; SW_A[4]    ; HEX1[6]     ; 8.055  ; 8.187  ; 8.469  ; 8.601  ;
; SW_A[4]    ; LEDR_Cout   ; 9.251  ; 11.028 ; 10.819 ; 10.182 ;
; SW_A[4]    ; LEDR_Y[0]   ; 11.106 ;        ;        ; 12.116 ;
; SW_A[4]    ; LEDR_Y[4]   ; 9.719  ; 11.144 ; 10.905 ; 10.819 ;
; SW_B_in[0] ; HEX0[0]     ; 9.207  ; 9.312  ; 9.772  ; 9.877  ;
; SW_B_in[0] ; HEX0[1]     ; 9.244  ; 9.469  ; 9.809  ; 9.938  ;
; SW_B_in[0] ; HEX0[2]     ; 9.144  ; 9.012  ; 9.613  ; 9.577  ;
; SW_B_in[0] ; HEX0[3]     ; 9.142  ; 9.188  ; 9.707  ; 9.753  ;
; SW_B_in[0] ; HEX0[4]     ; 8.962  ; 9.007  ; 9.527  ; 9.572  ;
; SW_B_in[0] ; HEX0[5]     ; 9.646  ; 9.836  ; 10.211 ; 10.305 ;
; SW_B_in[0] ; HEX0[6]     ; 9.467  ; 9.753  ; 10.032 ; 10.222 ;
; SW_B_in[0] ; HEX1[0]     ; 9.285  ; 9.242  ; 9.775  ; 9.733  ;
; SW_B_in[0] ; HEX1[2]     ; 9.237  ; 9.256  ; 9.728  ; 9.746  ;
; SW_B_in[0] ; HEX1[3]     ; 9.215  ; 9.299  ; 9.705  ; 9.790  ;
; SW_B_in[0] ; HEX1[4]     ; 8.982  ; 8.943  ; 9.472  ; 9.434  ;
; SW_B_in[0] ; HEX1[5]     ; 9.254  ; 9.222  ; 9.744  ; 9.713  ;
; SW_B_in[0] ; HEX1[6]     ; 9.533  ; 9.665  ; 9.904  ; 10.036 ;
; SW_B_in[0] ; LEDR_Cout   ; 10.753 ; 11.280 ; 11.116 ; 11.643 ;
; SW_B_in[0] ; LEDR_Y[0]   ; 10.530 ; 11.462 ; 11.267 ; 11.492 ;
; SW_B_in[0] ; LEDR_Y[1]   ; 10.432 ; 10.669 ; 10.803 ; 11.040 ;
; SW_B_in[0] ; LEDR_Y[2]   ; 11.148 ; 11.660 ; 11.596 ; 12.025 ;
; SW_B_in[0] ; LEDR_Y[3]   ; 10.582 ; 11.142 ; 11.031 ; 11.561 ;
; SW_B_in[0] ; LEDR_Y[4]   ; 11.954 ; 12.663 ; 12.377 ; 13.056 ;
; SW_B_in[1] ; HEX0[0]     ; 9.617  ; 9.851  ; 9.987  ; 10.221 ;
; SW_B_in[1] ; HEX0[1]     ; 9.903  ; 9.976  ; 10.215 ; 10.346 ;
; SW_B_in[1] ; HEX0[2]     ; 9.617  ; 9.780  ; 9.987  ; 9.983  ;
; SW_B_in[1] ; HEX0[3]     ; 9.794  ; 9.854  ; 10.113 ; 10.159 ;
; SW_B_in[1] ; HEX0[4]     ; 9.609  ; 9.658  ; 9.933  ; 9.978  ;
; SW_B_in[1] ; HEX0[5]     ; 10.348 ; 10.510 ; 10.617 ; 10.714 ;
; SW_B_in[1] ; HEX0[6]     ; 10.165 ; 10.260 ; 10.438 ; 10.630 ;
; SW_B_in[1] ; HEX1[0]     ; 9.234  ; 9.137  ; 9.588  ; 9.491  ;
; SW_B_in[1] ; HEX1[2]     ; 9.131  ; 9.206  ; 9.485  ; 9.560  ;
; SW_B_in[1] ; HEX1[3]     ; 9.146  ; 9.172  ; 9.500  ; 9.526  ;
; SW_B_in[1] ; HEX1[4]     ; 9.527  ; 9.488  ; 9.860  ; 9.821  ;
; SW_B_in[1] ; HEX1[5]     ; 9.156  ; 9.129  ; 9.510  ; 9.483  ;
; SW_B_in[1] ; HEX1[6]     ; 8.861  ; 8.993  ; 9.215  ; 9.347  ;
; SW_B_in[1] ; LEDR_Cout   ; 10.611 ; 11.139 ; 10.977 ; 11.506 ;
; SW_B_in[1] ; LEDR_Y[0]   ;        ; 11.701 ; 11.408 ;        ;
; SW_B_in[1] ; LEDR_Y[1]   ; 9.703  ; 10.013 ; 10.114 ; 10.347 ;
; SW_B_in[1] ; LEDR_Y[2]   ; 10.910 ; 11.519 ; 11.248 ; 11.836 ;
; SW_B_in[1] ; LEDR_Y[3]   ; 10.343 ; 10.903 ; 10.713 ; 11.273 ;
; SW_B_in[1] ; LEDR_Y[4]   ; 11.689 ; 12.405 ; 12.060 ; 12.776 ;
; SW_Op[0]   ; HEX0[0]     ; 8.276  ; 8.381  ; 8.629  ; 8.734  ;
; SW_Op[0]   ; HEX0[1]     ; 8.313  ; 8.514  ; 8.666  ; 8.877  ;
; SW_Op[0]   ; HEX0[2]     ; 8.189  ; 8.081  ; 8.552  ; 8.434  ;
; SW_Op[0]   ; HEX0[3]     ; 8.211  ; 8.257  ; 8.564  ; 8.610  ;
; SW_Op[0]   ; HEX0[4]     ; 8.031  ; 8.076  ; 8.384  ; 8.429  ;
; SW_Op[0]   ; HEX0[5]     ; 8.715  ; 8.881  ; 9.068  ; 9.244  ;
; SW_Op[0]   ; HEX0[6]     ; 8.536  ; 8.798  ; 8.889  ; 9.161  ;
; SW_Op[0]   ; HEX1[0]     ; 8.391  ; 8.294  ; 8.727  ; 8.630  ;
; SW_Op[0]   ; HEX1[2]     ; 8.288  ; 8.363  ; 8.624  ; 8.699  ;
; SW_Op[0]   ; HEX1[3]     ; 8.303  ; 8.329  ; 8.639  ; 8.665  ;
; SW_Op[0]   ; HEX1[4]     ; 8.226  ; 8.187  ; 8.564  ; 8.525  ;
; SW_Op[0]   ; HEX1[5]     ; 8.313  ; 8.286  ; 8.649  ; 8.622  ;
; SW_Op[0]   ; HEX1[6]     ; 8.018  ; 8.150  ; 8.354  ; 8.486  ;
; SW_Op[0]   ; LEDR_Cout   ; 9.084  ; 9.606  ; 9.422  ; 9.927  ;
; SW_Op[0]   ; LEDR_Y[0]   ; 9.374  ; 9.858  ; 9.740  ; 10.210 ;
; SW_Op[0]   ; LEDR_Y[1]   ; 8.473  ; 8.715  ; 8.808  ; 9.035  ;
; SW_Op[0]   ; LEDR_Y[2]   ; 9.503  ; 9.946  ; 9.837  ; 10.262 ;
; SW_Op[0]   ; LEDR_Y[3]   ; 9.052  ; 9.438  ; 9.386  ; 9.754  ;
; SW_Op[0]   ; LEDR_Y[4]   ; 10.232 ; 10.826 ; 10.549 ; 11.158 ;
; SW_Op[1]   ; HEX0[0]     ; 8.777  ; 8.882  ; 9.104  ; 9.209  ;
; SW_Op[1]   ; HEX0[1]     ; 8.814  ; 9.072  ; 9.141  ; 9.399  ;
; SW_Op[1]   ; HEX0[2]     ; 8.747  ; 8.582  ; 9.074  ; 8.909  ;
; SW_Op[1]   ; HEX0[3]     ; 8.712  ; 8.758  ; 9.039  ; 9.085  ;
; SW_Op[1]   ; HEX0[4]     ; 8.532  ; 8.577  ; 8.859  ; 8.904  ;
; SW_Op[1]   ; HEX0[5]     ; 9.216  ; 9.439  ; 9.543  ; 9.766  ;
; SW_Op[1]   ; HEX0[6]     ; 9.037  ; 9.356  ; 9.364  ; 9.683  ;
; SW_Op[1]   ; HEX1[0]     ; 8.856  ; 8.759  ; 9.303  ; 9.206  ;
; SW_Op[1]   ; HEX1[2]     ; 8.753  ; 8.828  ; 9.200  ; 9.275  ;
; SW_Op[1]   ; HEX1[3]     ; 8.768  ; 8.794  ; 9.215  ; 9.241  ;
; SW_Op[1]   ; HEX1[4]     ; 8.702  ; 8.663  ; 9.029  ; 8.990  ;
; SW_Op[1]   ; HEX1[5]     ; 8.778  ; 8.751  ; 9.225  ; 9.198  ;
; SW_Op[1]   ; HEX1[6]     ; 8.483  ; 8.615  ; 8.930  ; 9.062  ;
; SW_Op[1]   ; LEDR_Cout   ; 9.310  ; 9.906  ; 9.702  ; 10.249 ;
; SW_Op[1]   ; LEDR_Y[0]   ; 10.354 ; 10.888 ; 10.681 ; 11.204 ;
; SW_Op[1]   ; LEDR_Y[1]   ; 9.540  ; 9.843  ; 9.886  ; 10.191 ;
; SW_Op[1]   ; LEDR_Y[2]   ; 9.644  ; 10.173 ; 10.091 ; 10.494 ;
; SW_Op[1]   ; LEDR_Y[3]   ; 9.439  ; 9.848  ; 9.761  ; 10.163 ;
; SW_Op[1]   ; LEDR_Y[4]   ; 10.521 ; 11.103 ; 10.845 ; 11.427 ;
; SW_Op[2]   ; HEX0[0]     ; 9.165  ; 9.283  ; 9.491  ; 9.609  ;
; SW_Op[2]   ; HEX0[1]     ; 9.209  ; 9.473  ; 9.535  ; 9.799  ;
; SW_Op[2]   ; HEX0[2]     ; 8.923  ; 9.166  ; 9.249  ; 9.359  ;
; SW_Op[2]   ; HEX0[3]     ; 9.098  ; 9.349  ; 9.424  ; 9.535  ;
; SW_Op[2]   ; HEX0[4]     ; 8.913  ; 9.152  ; 9.239  ; 9.354  ;
; SW_Op[2]   ; HEX0[5]     ; 9.279  ; 9.404  ; 9.605  ; 9.730  ;
; SW_Op[2]   ; HEX0[6]     ; 9.081  ; 9.293  ; 9.407  ; 9.619  ;
; SW_Op[2]   ; HEX1[0]     ; 8.853  ; 8.756  ; 9.176  ; 9.079  ;
; SW_Op[2]   ; HEX1[2]     ; 8.750  ; 8.825  ; 9.073  ; 9.148  ;
; SW_Op[2]   ; HEX1[3]     ; 8.765  ; 8.791  ; 9.088  ; 9.114  ;
; SW_Op[2]   ; HEX1[4]     ; 9.149  ; 9.110  ; 9.479  ; 9.440  ;
; SW_Op[2]   ; HEX1[5]     ; 8.775  ; 8.748  ; 9.098  ; 9.071  ;
; SW_Op[2]   ; HEX1[6]     ; 8.480  ; 8.612  ; 8.803  ; 8.935  ;
; SW_Op[2]   ; LEDR_Cout   ; 9.252  ; 9.858  ; 9.574  ; 10.125 ;
; SW_Op[2]   ; LEDR_Y[0]   ; 10.697 ; 11.253 ; 11.037 ; 11.582 ;
; SW_Op[2]   ; LEDR_Y[1]   ; 9.449  ; 9.859  ; 9.918  ; 10.240 ;
; SW_Op[2]   ; LEDR_Y[2]   ; 9.670  ; 10.172 ; 9.996  ; 10.468 ;
; SW_Op[2]   ; LEDR_Y[3]   ; 9.219  ; 9.690  ; 9.545  ; 9.959  ;
; SW_Op[2]   ; LEDR_Y[4]   ; 10.298 ; 10.880 ; 10.774 ; 11.356 ;
+------------+-------------+--------+--------+--------+--------+


----------------------------------------------
; Slow 1100mV 85C Model Metastability Report ;
----------------------------------------------
No synchronizer chains to report.


-------------------------------------
; Slow 1100mV 0C Model Fmax Summary ;
-------------------------------------
No paths to report.


--------------------------------------
; Slow 1100mV 0C Model Setup Summary ;
--------------------------------------
No paths to report.


-------------------------------------
; Slow 1100mV 0C Model Hold Summary ;
-------------------------------------
No paths to report.


-----------------------------------------
; Slow 1100mV 0C Model Recovery Summary ;
-----------------------------------------
No paths to report.


----------------------------------------
; Slow 1100mV 0C Model Removal Summary ;
----------------------------------------
No paths to report.


----------------------------------------------------
; Slow 1100mV 0C Model Minimum Pulse Width Summary ;
----------------------------------------------------
No paths to report.


+--------------------------------------------------------------+
; Propagation Delay                                            ;
+------------+-------------+--------+--------+--------+--------+
; Input Port ; Output Port ; RR     ; RF     ; FR     ; FF     ;
+------------+-------------+--------+--------+--------+--------+
; SW_A[0]    ; HEX0[0]     ; 17.066 ; 17.336 ; 17.428 ; 17.698 ;
; SW_A[0]    ; HEX0[1]     ; 17.105 ; 17.267 ; 17.467 ; 17.629 ;
; SW_A[0]    ; HEX0[2]     ; 16.796 ; 16.776 ; 17.158 ; 17.138 ;
; SW_A[0]    ; HEX0[3]     ; 16.996 ; 17.186 ; 17.358 ; 17.548 ;
; SW_A[0]    ; HEX0[4]     ; 16.784 ; 16.756 ; 17.146 ; 17.118 ;
; SW_A[0]    ; HEX0[5]     ; 17.501 ; 17.524 ; 17.863 ; 17.886 ;
; SW_A[0]    ; HEX0[6]     ; 17.344 ; 17.411 ; 17.706 ; 17.773 ;
; SW_A[0]    ; HEX1[0]     ; 15.377 ; 15.393 ; 15.745 ; 15.761 ;
; SW_A[0]    ; HEX1[2]     ; 15.384 ; 15.344 ; 15.752 ; 15.712 ;
; SW_A[0]    ; HEX1[3]     ; 15.354 ; 15.405 ; 15.722 ; 15.773 ;
; SW_A[0]    ; HEX1[4]     ; 14.983 ; 14.909 ; 15.351 ; 15.277 ;
; SW_A[0]    ; HEX1[5]     ; 15.352 ; 15.380 ; 15.720 ; 15.748 ;
; SW_A[0]    ; HEX1[6]     ; 12.134 ; 12.326 ; 12.502 ; 12.694 ;
; SW_A[0]    ; LEDR_Cout   ; 11.909 ; 12.721 ; 12.257 ; 13.069 ;
; SW_A[0]    ; LEDR_Y[0]   ; 12.537 ; 13.550 ; 12.883 ; 13.940 ;
; SW_A[0]    ; LEDR_Y[1]   ; 11.537 ; 11.819 ; 11.887 ; 12.185 ;
; SW_A[0]    ; LEDR_Y[2]   ; 12.623 ; 13.403 ; 12.985 ; 13.778 ;
; SW_A[0]    ; LEDR_Y[3]   ; 11.944 ; 12.651 ; 12.293 ; 13.000 ;
; SW_A[0]    ; LEDR_Y[4]   ; 13.625 ; 14.553 ; 13.996 ; 14.911 ;
; SW_A[1]    ; HEX0[0]     ; 17.128 ; 17.398 ; 17.470 ; 17.740 ;
; SW_A[1]    ; HEX0[1]     ; 17.167 ; 17.329 ; 17.509 ; 17.671 ;
; SW_A[1]    ; HEX0[2]     ; 16.858 ; 16.838 ; 17.200 ; 17.180 ;
; SW_A[1]    ; HEX0[3]     ; 17.058 ; 17.248 ; 17.400 ; 17.590 ;
; SW_A[1]    ; HEX0[4]     ; 16.846 ; 16.818 ; 17.188 ; 17.160 ;
; SW_A[1]    ; HEX0[5]     ; 17.563 ; 17.586 ; 17.905 ; 17.928 ;
; SW_A[1]    ; HEX0[6]     ; 17.406 ; 17.473 ; 17.748 ; 17.815 ;
; SW_A[1]    ; HEX1[0]     ; 15.439 ; 15.455 ; 15.787 ; 15.803 ;
; SW_A[1]    ; HEX1[2]     ; 15.446 ; 15.406 ; 15.794 ; 15.754 ;
; SW_A[1]    ; HEX1[3]     ; 15.416 ; 15.467 ; 15.764 ; 15.815 ;
; SW_A[1]    ; HEX1[4]     ; 15.045 ; 14.971 ; 15.393 ; 15.319 ;
; SW_A[1]    ; HEX1[5]     ; 15.414 ; 15.442 ; 15.762 ; 15.790 ;
; SW_A[1]    ; HEX1[6]     ; 12.196 ; 12.388 ; 12.544 ; 12.736 ;
; SW_A[1]    ; LEDR_Cout   ; 11.971 ; 12.783 ; 12.299 ; 13.113 ;
; SW_A[1]    ; LEDR_Y[0]   ; 11.831 ;        ;        ; 13.373 ;
; SW_A[1]    ; LEDR_Y[1]   ; 11.751 ; 11.997 ; 12.163 ; 12.409 ;
; SW_A[1]    ; LEDR_Y[2]   ; 12.685 ; 13.465 ; 13.027 ; 13.820 ;
; SW_A[1]    ; LEDR_Y[3]   ; 12.006 ; 12.713 ; 12.335 ; 13.042 ;
; SW_A[1]    ; LEDR_Y[4]   ; 13.687 ; 14.615 ; 14.038 ; 14.953 ;
; SW_A[2]    ; HEX0[0]     ; 17.145 ; 17.415 ; 17.530 ; 17.800 ;
; SW_A[2]    ; HEX0[1]     ; 17.184 ; 17.346 ; 17.569 ; 17.731 ;
; SW_A[2]    ; HEX0[2]     ; 16.875 ; 16.855 ; 17.260 ; 17.240 ;
; SW_A[2]    ; HEX0[3]     ; 17.075 ; 17.265 ; 17.460 ; 17.650 ;
; SW_A[2]    ; HEX0[4]     ; 16.863 ; 16.835 ; 17.248 ; 17.220 ;
; SW_A[2]    ; HEX0[5]     ; 17.580 ; 17.603 ; 17.965 ; 17.988 ;
; SW_A[2]    ; HEX0[6]     ; 17.423 ; 17.490 ; 17.808 ; 17.875 ;
; SW_A[2]    ; HEX1[0]     ; 15.621 ; 15.637 ; 15.943 ; 15.959 ;
; SW_A[2]    ; HEX1[2]     ; 15.628 ; 15.588 ; 15.950 ; 15.910 ;
; SW_A[2]    ; HEX1[3]     ; 15.598 ; 15.649 ; 15.920 ; 15.971 ;
; SW_A[2]    ; HEX1[4]     ; 15.227 ; 15.153 ; 15.549 ; 15.475 ;
; SW_A[2]    ; HEX1[5]     ; 15.596 ; 15.624 ; 15.918 ; 15.946 ;
; SW_A[2]    ; HEX1[6]     ; 12.378 ; 12.570 ; 12.700 ; 12.892 ;
; SW_A[2]    ; LEDR_Cout   ; 12.153 ; 12.965 ; 12.455 ; 13.267 ;
; SW_A[2]    ; LEDR_Y[0]   ; 12.237 ;        ;        ; 13.680 ;
; SW_A[2]    ; LEDR_Y[2]   ; 12.702 ; 13.434 ; 13.087 ; 13.807 ;
; SW_A[2]    ; LEDR_Y[3]   ; 12.188 ; 12.895 ; 12.491 ; 13.198 ;
; SW_A[2]    ; LEDR_Y[4]   ; 13.869 ; 14.797 ; 14.194 ; 15.109 ;
; SW_A[3]    ; HEX0[0]     ; 16.259 ; 16.529 ; 16.570 ; 16.840 ;
; SW_A[3]    ; HEX0[1]     ; 16.298 ; 16.460 ; 16.609 ; 16.771 ;
; SW_A[3]    ; HEX0[2]     ; 15.989 ; 15.969 ; 16.300 ; 16.280 ;
; SW_A[3]    ; HEX0[3]     ; 16.189 ; 16.379 ; 16.500 ; 16.690 ;
; SW_A[3]    ; HEX0[4]     ; 15.977 ; 15.949 ; 16.288 ; 16.260 ;
; SW_A[3]    ; HEX0[5]     ; 16.694 ; 16.717 ; 17.005 ; 17.028 ;
; SW_A[3]    ; HEX0[6]     ; 16.537 ; 16.604 ; 16.848 ; 16.915 ;
; SW_A[3]    ; HEX1[0]     ; 14.937 ; 14.953 ; 15.250 ; 15.266 ;
; SW_A[3]    ; HEX1[2]     ; 14.944 ; 14.904 ; 15.257 ; 15.217 ;
; SW_A[3]    ; HEX1[3]     ; 14.914 ; 14.965 ; 15.227 ; 15.278 ;
; SW_A[3]    ; HEX1[4]     ; 14.543 ; 14.469 ; 14.856 ; 14.782 ;
; SW_A[3]    ; HEX1[5]     ; 14.912 ; 14.940 ; 15.225 ; 15.253 ;
; SW_A[3]    ; HEX1[6]     ; 11.694 ; 11.886 ; 12.007 ; 12.199 ;
; SW_A[3]    ; LEDR_Cout   ; 11.469 ; 12.281 ; 11.762 ; 12.574 ;
; SW_A[3]    ; LEDR_Y[0]   ; 11.366 ;        ;        ; 12.864 ;
; SW_A[3]    ; LEDR_Y[3]   ; 11.281 ; 12.119 ; 11.606 ; 12.430 ;
; SW_A[3]    ; LEDR_Y[4]   ; 13.185 ; 14.113 ; 13.501 ; 14.416 ;
; SW_A[4]    ; HEX0[0]     ; 15.735 ; 16.005 ; 16.156 ; 16.426 ;
; SW_A[4]    ; HEX0[1]     ; 15.774 ; 15.936 ; 16.195 ; 16.357 ;
; SW_A[4]    ; HEX0[2]     ; 15.465 ; 15.445 ; 15.886 ; 15.866 ;
; SW_A[4]    ; HEX0[3]     ; 15.665 ; 15.855 ; 16.086 ; 16.276 ;
; SW_A[4]    ; HEX0[4]     ; 15.453 ; 15.425 ; 15.874 ; 15.846 ;
; SW_A[4]    ; HEX0[5]     ; 16.170 ; 16.193 ; 16.591 ; 16.614 ;
; SW_A[4]    ; HEX0[6]     ; 16.013 ; 16.080 ; 16.434 ; 16.501 ;
; SW_A[4]    ; HEX1[0]     ; 14.830 ; 14.846 ; 15.251 ; 15.267 ;
; SW_A[4]    ; HEX1[2]     ; 14.837 ; 14.797 ; 15.258 ; 15.218 ;
; SW_A[4]    ; HEX1[3]     ; 14.807 ; 14.858 ; 15.228 ; 15.279 ;
; SW_A[4]    ; HEX1[4]     ; 14.436 ; 14.362 ; 14.857 ; 14.783 ;
; SW_A[4]    ; HEX1[5]     ; 14.805 ; 14.833 ; 15.226 ; 15.254 ;
; SW_A[4]    ; HEX1[6]     ; 11.587 ; 11.779 ; 12.008 ; 12.200 ;
; SW_A[4]    ; LEDR_Cout   ; 11.723 ; 12.504 ; 12.156 ; 12.945 ;
; SW_A[4]    ; LEDR_Y[0]   ; 11.923 ;        ;        ; 13.478 ;
; SW_A[4]    ; LEDR_Y[4]   ; 12.945 ; 14.006 ; 13.321 ; 14.427 ;
; SW_B_in[0] ; HEX0[0]     ; 17.242 ; 17.512 ; 17.591 ; 17.861 ;
; SW_B_in[0] ; HEX0[1]     ; 17.281 ; 17.443 ; 17.630 ; 17.792 ;
; SW_B_in[0] ; HEX0[2]     ; 16.972 ; 16.952 ; 17.321 ; 17.301 ;
; SW_B_in[0] ; HEX0[3]     ; 17.172 ; 17.362 ; 17.521 ; 17.711 ;
; SW_B_in[0] ; HEX0[4]     ; 16.960 ; 16.932 ; 17.309 ; 17.281 ;
; SW_B_in[0] ; HEX0[5]     ; 17.677 ; 17.700 ; 18.026 ; 18.049 ;
; SW_B_in[0] ; HEX0[6]     ; 17.520 ; 17.587 ; 17.869 ; 17.936 ;
; SW_B_in[0] ; HEX1[0]     ; 15.553 ; 15.569 ; 15.908 ; 15.924 ;
; SW_B_in[0] ; HEX1[2]     ; 15.560 ; 15.520 ; 15.915 ; 15.875 ;
; SW_B_in[0] ; HEX1[3]     ; 15.530 ; 15.581 ; 15.885 ; 15.936 ;
; SW_B_in[0] ; HEX1[4]     ; 15.159 ; 15.085 ; 15.514 ; 15.440 ;
; SW_B_in[0] ; HEX1[5]     ; 15.528 ; 15.556 ; 15.883 ; 15.911 ;
; SW_B_in[0] ; HEX1[6]     ; 12.310 ; 12.502 ; 12.665 ; 12.857 ;
; SW_B_in[0] ; LEDR_Cout   ; 12.085 ; 12.897 ; 12.420 ; 13.232 ;
; SW_B_in[0] ; LEDR_Y[0]   ; 13.003 ; 13.821 ; 13.422 ; 14.228 ;
; SW_B_in[0] ; LEDR_Y[1]   ; 11.713 ; 11.995 ; 12.050 ; 12.334 ;
; SW_B_in[0] ; LEDR_Y[2]   ; 12.799 ; 13.579 ; 13.148 ; 13.941 ;
; SW_B_in[0] ; LEDR_Y[3]   ; 12.120 ; 12.827 ; 12.456 ; 13.163 ;
; SW_B_in[0] ; LEDR_Y[4]   ; 13.801 ; 14.729 ; 14.159 ; 15.074 ;
; SW_B_in[1] ; HEX0[0]     ; 16.976 ; 17.246 ; 17.373 ; 17.643 ;
; SW_B_in[1] ; HEX0[1]     ; 17.015 ; 17.177 ; 17.412 ; 17.574 ;
; SW_B_in[1] ; HEX0[2]     ; 16.706 ; 16.686 ; 17.103 ; 17.083 ;
; SW_B_in[1] ; HEX0[3]     ; 16.906 ; 17.096 ; 17.303 ; 17.493 ;
; SW_B_in[1] ; HEX0[4]     ; 16.694 ; 16.666 ; 17.091 ; 17.063 ;
; SW_B_in[1] ; HEX0[5]     ; 17.411 ; 17.434 ; 17.808 ; 17.831 ;
; SW_B_in[1] ; HEX0[6]     ; 17.254 ; 17.321 ; 17.651 ; 17.718 ;
; SW_B_in[1] ; HEX1[0]     ; 15.287 ; 15.303 ; 15.690 ; 15.706 ;
; SW_B_in[1] ; HEX1[2]     ; 15.294 ; 15.254 ; 15.697 ; 15.657 ;
; SW_B_in[1] ; HEX1[3]     ; 15.264 ; 15.315 ; 15.667 ; 15.718 ;
; SW_B_in[1] ; HEX1[4]     ; 14.893 ; 14.819 ; 15.296 ; 15.222 ;
; SW_B_in[1] ; HEX1[5]     ; 15.262 ; 15.290 ; 15.665 ; 15.693 ;
; SW_B_in[1] ; HEX1[6]     ; 12.044 ; 12.236 ; 12.447 ; 12.639 ;
; SW_B_in[1] ; LEDR_Cout   ; 11.819 ; 12.631 ; 12.202 ; 13.014 ;
; SW_B_in[1] ; LEDR_Y[0]   ;        ; 13.029 ; 12.323 ;        ;
; SW_B_in[1] ; LEDR_Y[1]   ; 11.225 ; 11.638 ; 11.641 ; 12.040 ;
; SW_B_in[1] ; LEDR_Y[2]   ; 12.533 ; 13.313 ; 12.930 ; 13.723 ;
; SW_B_in[1] ; LEDR_Y[3]   ; 11.854 ; 12.561 ; 12.238 ; 12.945 ;
; SW_B_in[1] ; LEDR_Y[4]   ; 13.535 ; 14.463 ; 13.941 ; 14.856 ;
; SW_Op[0]   ; HEX0[0]     ; 14.539 ; 14.809 ; 14.955 ; 15.225 ;
; SW_Op[0]   ; HEX0[1]     ; 14.578 ; 14.740 ; 14.994 ; 15.156 ;
; SW_Op[0]   ; HEX0[2]     ; 14.269 ; 14.249 ; 14.685 ; 14.665 ;
; SW_Op[0]   ; HEX0[3]     ; 14.469 ; 14.659 ; 14.885 ; 15.075 ;
; SW_Op[0]   ; HEX0[4]     ; 14.257 ; 14.229 ; 14.673 ; 14.645 ;
; SW_Op[0]   ; HEX0[5]     ; 14.974 ; 14.997 ; 15.390 ; 15.413 ;
; SW_Op[0]   ; HEX0[6]     ; 14.817 ; 14.884 ; 15.233 ; 15.300 ;
; SW_Op[0]   ; HEX1[0]     ; 12.810 ; 12.826 ; 13.223 ; 13.239 ;
; SW_Op[0]   ; HEX1[2]     ; 12.817 ; 12.777 ; 13.230 ; 13.190 ;
; SW_Op[0]   ; HEX1[3]     ; 12.787 ; 12.838 ; 13.200 ; 13.251 ;
; SW_Op[0]   ; HEX1[4]     ; 12.416 ; 12.342 ; 12.829 ; 12.755 ;
; SW_Op[0]   ; HEX1[5]     ; 12.785 ; 12.813 ; 13.198 ; 13.226 ;
; SW_Op[0]   ; HEX1[6]     ; 9.567  ; 9.759  ; 9.980  ; 10.172 ;
; SW_Op[0]   ; LEDR_Cout   ; 9.576  ; 10.398 ; 9.991  ; 10.782 ;
; SW_Op[0]   ; LEDR_Y[0]   ; 9.853  ; 10.589 ; 10.357 ; 11.065 ;
; SW_Op[0]   ; LEDR_Y[1]   ; 8.790  ; 9.159  ; 9.208  ; 9.551  ;
; SW_Op[0]   ; LEDR_Y[2]   ; 10.267 ; 10.969 ; 10.682 ; 11.384 ;
; SW_Op[0]   ; LEDR_Y[3]   ; 10.157 ; 10.837 ; 10.572 ; 11.252 ;
; SW_Op[0]   ; LEDR_Y[4]   ; 11.061 ; 11.982 ; 11.474 ; 12.367 ;
; SW_Op[1]   ; HEX0[0]     ; 15.069 ; 15.339 ; 15.448 ; 15.718 ;
; SW_Op[1]   ; HEX0[1]     ; 15.108 ; 15.270 ; 15.487 ; 15.649 ;
; SW_Op[1]   ; HEX0[2]     ; 14.799 ; 14.779 ; 15.178 ; 15.158 ;
; SW_Op[1]   ; HEX0[3]     ; 14.999 ; 15.189 ; 15.378 ; 15.568 ;
; SW_Op[1]   ; HEX0[4]     ; 14.787 ; 14.759 ; 15.166 ; 15.138 ;
; SW_Op[1]   ; HEX0[5]     ; 15.504 ; 15.527 ; 15.883 ; 15.906 ;
; SW_Op[1]   ; HEX0[6]     ; 15.347 ; 15.414 ; 15.726 ; 15.793 ;
; SW_Op[1]   ; HEX1[0]     ; 13.628 ; 13.644 ; 14.022 ; 14.038 ;
; SW_Op[1]   ; HEX1[2]     ; 13.635 ; 13.595 ; 14.029 ; 13.989 ;
; SW_Op[1]   ; HEX1[3]     ; 13.605 ; 13.656 ; 13.999 ; 14.050 ;
; SW_Op[1]   ; HEX1[4]     ; 13.234 ; 13.160 ; 13.628 ; 13.554 ;
; SW_Op[1]   ; HEX1[5]     ; 13.603 ; 13.631 ; 13.997 ; 14.025 ;
; SW_Op[1]   ; HEX1[6]     ; 10.385 ; 10.577 ; 10.779 ; 10.971 ;
; SW_Op[1]   ; LEDR_Cout   ; 9.971  ; 10.873 ; 10.351 ; 11.287 ;
; SW_Op[1]   ; LEDR_Y[0]   ; 11.509 ; 12.473 ; 11.919 ; 12.870 ;
; SW_Op[1]   ; LEDR_Y[1]   ; 10.308 ; 10.776 ; 10.693 ; 11.215 ;
; SW_Op[1]   ; LEDR_Y[2]   ; 10.827 ; 11.529 ; 11.207 ; 11.909 ;
; SW_Op[1]   ; LEDR_Y[3]   ; 10.717 ; 11.397 ; 11.097 ; 11.777 ;
; SW_Op[1]   ; LEDR_Y[4]   ; 11.659 ; 12.565 ; 12.037 ; 12.958 ;
; SW_Op[2]   ; HEX0[0]     ; 14.873 ; 15.143 ; 15.279 ; 15.549 ;
; SW_Op[2]   ; HEX0[1]     ; 14.912 ; 15.074 ; 15.318 ; 15.480 ;
; SW_Op[2]   ; HEX0[2]     ; 14.603 ; 14.583 ; 15.009 ; 14.989 ;
; SW_Op[2]   ; HEX0[3]     ; 14.803 ; 14.993 ; 15.209 ; 15.399 ;
; SW_Op[2]   ; HEX0[4]     ; 14.591 ; 14.563 ; 14.997 ; 14.969 ;
; SW_Op[2]   ; HEX0[5]     ; 15.308 ; 15.331 ; 15.714 ; 15.737 ;
; SW_Op[2]   ; HEX0[6]     ; 15.151 ; 15.218 ; 15.557 ; 15.624 ;
; SW_Op[2]   ; HEX1[0]     ; 13.449 ; 13.465 ; 13.852 ; 13.868 ;
; SW_Op[2]   ; HEX1[2]     ; 13.456 ; 13.416 ; 13.859 ; 13.819 ;
; SW_Op[2]   ; HEX1[3]     ; 13.426 ; 13.477 ; 13.829 ; 13.880 ;
; SW_Op[2]   ; HEX1[4]     ; 13.055 ; 12.981 ; 13.458 ; 13.384 ;
; SW_Op[2]   ; HEX1[5]     ; 13.424 ; 13.452 ; 13.827 ; 13.855 ;
; SW_Op[2]   ; HEX1[6]     ; 10.206 ; 10.398 ; 10.609 ; 10.801 ;
; SW_Op[2]   ; LEDR_Cout   ; 9.824  ; 10.695 ; 10.196 ; 11.017 ;
; SW_Op[2]   ; LEDR_Y[0]   ; 11.565 ; 12.544 ; 12.129 ; 12.930 ;
; SW_Op[2]   ; LEDR_Y[1]   ; 10.352 ; 10.789 ; 10.751 ; 11.251 ;
; SW_Op[2]   ; LEDR_Y[2]   ; 10.499 ; 11.197 ; 11.022 ; 11.707 ;
; SW_Op[2]   ; LEDR_Y[3]   ; 10.387 ; 11.067 ; 10.911 ; 11.577 ;
; SW_Op[2]   ; LEDR_Y[4]   ; 11.317 ; 12.277 ; 11.720 ; 12.595 ;
+------------+-------------+--------+--------+--------+--------+


+--------------------------------------------------------------+
; Minimum Propagation Delay                                    ;
+------------+-------------+--------+--------+--------+--------+
; Input Port ; Output Port ; RR     ; RF     ; FR     ; FF     ;
+------------+-------------+--------+--------+--------+--------+
; SW_A[0]    ; HEX0[0]     ; 8.837  ; 8.947  ; 9.398  ; 9.508  ;
; SW_A[0]    ; HEX0[1]     ; 8.877  ; 9.117  ; 9.438  ; 9.552  ;
; SW_A[0]    ; HEX0[2]     ; 8.802  ; 8.655  ; 9.237  ; 9.216  ;
; SW_A[0]    ; HEX0[3]     ; 8.784  ; 8.837  ; 9.345  ; 9.398  ;
; SW_A[0]    ; HEX0[4]     ; 8.606  ; 8.640  ; 9.167  ; 9.201  ;
; SW_A[0]    ; HEX0[5]     ; 9.245  ; 9.487  ; 9.806  ; 9.922  ;
; SW_A[0]    ; HEX0[6]     ; 9.095  ; 9.410  ; 9.656  ; 9.845  ;
; SW_A[0]    ; HEX1[0]     ; 8.629  ; 8.536  ; 9.044  ; 8.951  ;
; SW_A[0]    ; HEX1[2]     ; 8.531  ; 8.598  ; 8.946  ; 9.013  ;
; SW_A[0]    ; HEX1[3]     ; 8.555  ; 8.549  ; 8.970  ; 8.964  ;
; SW_A[0]    ; HEX1[4]     ; 8.790  ; 8.737  ; 9.226  ; 9.173  ;
; SW_A[0]    ; HEX1[5]     ; 8.533  ; 8.542  ; 8.948  ; 8.957  ;
; SW_A[0]    ; HEX1[6]     ; 8.232  ; 8.362  ; 8.647  ; 8.777  ;
; SW_A[0]    ; LEDR_Cout   ; 10.401 ; 11.031 ; 10.751 ; 11.381 ;
; SW_A[0]    ; LEDR_Y[0]   ; 10.227 ; 11.005 ; 10.663 ; 11.288 ;
; SW_A[0]    ; LEDR_Y[1]   ; 9.072  ; 10.339 ; 10.398 ; 9.715  ;
; SW_A[0]    ; LEDR_Y[2]   ; 10.924 ; 11.476 ; 11.186 ; 11.816 ;
; SW_A[0]    ; LEDR_Y[3]   ; 10.251 ; 10.847 ; 10.524 ; 11.120 ;
; SW_A[0]    ; LEDR_Y[4]   ; 11.704 ; 12.482 ; 12.005 ; 12.805 ;
; SW_A[1]    ; HEX0[0]     ; 9.243  ; 9.503  ; 9.629  ; 9.889  ;
; SW_A[1]    ; HEX0[1]     ; 9.491  ; 9.579  ; 9.962  ; 10.050 ;
; SW_A[1]    ; HEX0[2]     ; 9.182  ; 9.247  ; 9.564  ; 9.629  ;
; SW_A[1]    ; HEX0[3]     ; 9.398  ; 9.451  ; 9.866  ; 9.933  ;
; SW_A[1]    ; HEX0[4]     ; 9.171  ; 9.229  ; 9.553  ; 9.611  ;
; SW_A[1]    ; HEX0[5]     ; 9.859  ; 9.949  ; 10.272 ; 10.440 ;
; SW_A[1]    ; HEX0[6]     ; 9.702  ; 9.872  ; 10.110 ; 10.309 ;
; SW_A[1]    ; HEX1[0]     ; 8.795  ; 8.702  ; 9.263  ; 9.170  ;
; SW_A[1]    ; HEX1[2]     ; 8.697  ; 8.764  ; 9.165  ; 9.232  ;
; SW_A[1]    ; HEX1[3]     ; 8.721  ; 8.715  ; 9.189  ; 9.183  ;
; SW_A[1]    ; HEX1[4]     ; 9.192  ; 9.139  ; 9.601  ; 9.548  ;
; SW_A[1]    ; HEX1[5]     ; 8.699  ; 8.708  ; 9.167  ; 9.176  ;
; SW_A[1]    ; HEX1[6]     ; 8.398  ; 8.528  ; 8.866  ; 8.996  ;
; SW_A[1]    ; LEDR_Cout   ; 10.356 ; 10.984 ; 10.733 ; 11.360 ;
; SW_A[1]    ; LEDR_Y[0]   ; 10.629 ;        ;        ; 11.800 ;
; SW_A[1]    ; LEDR_Y[1]   ; 9.279  ; 9.651  ; 9.665  ; 10.026 ;
; SW_A[1]    ; LEDR_Y[2]   ; 9.518  ; 11.303 ; 11.051 ; 10.435 ;
; SW_A[1]    ; LEDR_Y[3]   ; 10.002 ; 10.598 ; 10.378 ; 10.974 ;
; SW_A[1]    ; LEDR_Y[4]   ; 11.455 ; 12.257 ; 11.831 ; 12.633 ;
; SW_A[2]    ; HEX0[0]     ; 9.132  ; 9.286  ; 9.498  ; 9.666  ;
; SW_A[2]    ; HEX0[1]     ; 9.208  ; 9.339  ; 9.716  ; 9.682  ;
; SW_A[2]    ; HEX0[2]     ; 8.694  ; 8.759  ; 9.114  ; 9.128  ;
; SW_A[2]    ; HEX0[3]     ; 9.109  ; 9.225  ; 9.518  ; 9.568  ;
; SW_A[2]    ; HEX0[4]     ; 8.683  ; 8.741  ; 9.104  ; 9.111  ;
; SW_A[2]    ; HEX0[5]     ; 9.208  ; 9.376  ; 9.716  ; 9.884  ;
; SW_A[2]    ; HEX0[6]     ; 9.046  ; 9.271  ; 9.554  ; 9.779  ;
; SW_A[2]    ; HEX1[0]     ; 8.250  ; 8.157  ; 8.681  ; 8.588  ;
; SW_A[2]    ; HEX1[2]     ; 8.152  ; 8.219  ; 8.583  ; 8.650  ;
; SW_A[2]    ; HEX1[3]     ; 8.176  ; 8.170  ; 8.607  ; 8.601  ;
; SW_A[2]    ; HEX1[4]     ; 8.907  ; 8.853  ; 9.338  ; 9.284  ;
; SW_A[2]    ; HEX1[5]     ; 8.154  ; 8.163  ; 8.585  ; 8.594  ;
; SW_A[2]    ; HEX1[6]     ; 7.853  ; 7.983  ; 8.284  ; 8.414  ;
; SW_A[2]    ; LEDR_Cout   ; 10.572 ; 11.202 ; 10.893 ; 11.520 ;
; SW_A[2]    ; LEDR_Y[0]   ; 10.940 ;        ;        ; 12.138 ;
; SW_A[2]    ; LEDR_Y[2]   ; 8.647  ; 10.171 ; 10.005 ; 9.517  ;
; SW_A[2]    ; LEDR_Y[3]   ; 9.155  ; 10.826 ; 10.538 ; 9.972  ;
; SW_A[2]    ; LEDR_Y[4]   ; 11.711 ; 12.511 ; 11.991 ; 12.793 ;
; SW_A[3]    ; HEX0[0]     ; 8.618  ; 8.742  ; 9.064  ; 9.188  ;
; SW_A[3]    ; HEX0[1]     ; 8.664  ; 8.929  ; 9.110  ; 9.342  ;
; SW_A[3]    ; HEX0[2]     ; 8.402  ; 8.620  ; 8.848  ; 9.033  ;
; SW_A[3]    ; HEX0[3]     ; 8.565  ; 8.809  ; 9.011  ; 9.222  ;
; SW_A[3]    ; HEX0[4]     ; 8.388  ; 8.599  ; 8.834  ; 9.012  ;
; SW_A[3]    ; HEX0[5]     ; 8.664  ; 8.832  ; 9.110  ; 9.278  ;
; SW_A[3]    ; HEX0[6]     ; 8.502  ; 8.727  ; 8.948  ; 9.173  ;
; SW_A[3]    ; HEX1[0]     ; 7.911  ; 7.818  ; 8.383  ; 8.290  ;
; SW_A[3]    ; HEX1[2]     ; 7.813  ; 7.880  ; 8.285  ; 8.352  ;
; SW_A[3]    ; HEX1[3]     ; 7.837  ; 7.831  ; 8.309  ; 8.303  ;
; SW_A[3]    ; HEX1[4]     ; 8.117  ; 8.064  ; 8.543  ; 8.489  ;
; SW_A[3]    ; HEX1[5]     ; 7.815  ; 7.824  ; 8.287  ; 8.296  ;
; SW_A[3]    ; HEX1[6]     ; 7.514  ; 7.644  ; 7.986  ; 8.116  ;
; SW_A[3]    ; LEDR_Cout   ; 9.999  ; 10.629 ; 10.344 ; 10.971 ;
; SW_A[3]    ; LEDR_Y[0]   ; 10.215 ;        ;        ; 11.392 ;
; SW_A[3]    ; LEDR_Y[3]   ; 8.611  ; 9.254  ; 9.159  ; 9.498  ;
; SW_A[3]    ; LEDR_Y[4]   ; 10.214 ; 11.847 ; 11.440 ; 11.307 ;
; SW_A[4]    ; HEX0[0]     ; 9.053  ; 9.221  ; 9.457  ; 9.625  ;
; SW_A[4]    ; HEX0[1]     ; 9.340  ; 9.416  ; 9.744  ; 9.820  ;
; SW_A[4]    ; HEX0[2]     ; 9.114  ; 9.107  ; 9.518  ; 9.511  ;
; SW_A[4]    ; HEX0[3]     ; 9.243  ; 9.298  ; 9.647  ; 9.702  ;
; SW_A[4]    ; HEX0[4]     ; 9.065  ; 9.088  ; 9.469  ; 9.492  ;
; SW_A[4]    ; HEX0[5]     ; 9.459  ; 9.626  ; 9.863  ; 10.030 ;
; SW_A[4]    ; HEX0[6]     ; 9.297  ; 9.522  ; 9.701  ; 9.926  ;
; SW_A[4]    ; HEX1[0]     ; 8.217  ; 8.124  ; 8.677  ; 8.584  ;
; SW_A[4]    ; HEX1[2]     ; 8.119  ; 8.186  ; 8.579  ; 8.646  ;
; SW_A[4]    ; HEX1[3]     ; 8.143  ; 8.137  ; 8.603  ; 8.597  ;
; SW_A[4]    ; HEX1[4]     ; 8.519  ; 8.466  ; 9.020  ; 8.966  ;
; SW_A[4]    ; HEX1[5]     ; 8.121  ; 8.130  ; 8.581  ; 8.590  ;
; SW_A[4]    ; HEX1[6]     ; 7.820  ; 7.950  ; 8.280  ; 8.410  ;
; SW_A[4]    ; LEDR_Cout   ; 8.913  ; 10.823 ; 10.568 ; 9.953  ;
; SW_A[4]    ; LEDR_Y[0]   ; 10.720 ;        ;        ; 11.872 ;
; SW_A[4]    ; LEDR_Y[4]   ; 9.388  ; 10.943 ; 10.616 ; 10.585 ;
; SW_B_in[0] ; HEX0[0]     ; 8.907  ; 9.017  ; 9.493  ; 9.603  ;
; SW_B_in[0] ; HEX0[1]     ; 8.947  ; 9.135  ; 9.533  ; 9.644  ;
; SW_B_in[0] ; HEX0[2]     ; 8.820  ; 8.725  ; 9.329  ; 9.311  ;
; SW_B_in[0] ; HEX0[3]     ; 8.854  ; 8.907  ; 9.440  ; 9.493  ;
; SW_B_in[0] ; HEX0[4]     ; 8.676  ; 8.710  ; 9.262  ; 9.296  ;
; SW_B_in[0] ; HEX0[5]     ; 9.315  ; 9.505  ; 9.901  ; 10.014 ;
; SW_B_in[0] ; HEX0[6]     ; 9.165  ; 9.428  ; 9.751  ; 9.937  ;
; SW_B_in[0] ; HEX1[0]     ; 9.082  ; 9.065  ; 9.648  ; 9.630  ;
; SW_B_in[0] ; HEX1[2]     ; 9.061  ; 9.050  ; 9.626  ; 9.616  ;
; SW_B_in[0] ; HEX1[3]     ; 9.026  ; 9.103  ; 9.592  ; 9.668  ;
; SW_B_in[0] ; HEX1[4]     ; 8.748  ; 8.695  ; 9.314  ; 9.260  ;
; SW_B_in[0] ; HEX1[5]     ; 9.047  ; 9.047  ; 9.613  ; 9.612  ;
; SW_B_in[0] ; HEX1[6]     ; 9.286  ; 9.416  ; 9.697  ; 9.827  ;
; SW_B_in[0] ; LEDR_Cout   ; 10.481 ; 11.111 ; 10.890 ; 11.520 ;
; SW_B_in[0] ; LEDR_Y[0]   ; 10.185 ; 11.226 ; 10.905 ; 11.284 ;
; SW_B_in[0] ; LEDR_Y[1]   ; 10.126 ; 10.419 ; 10.537 ; 10.830 ;
; SW_B_in[0] ; LEDR_Y[2]   ; 10.908 ; 11.556 ; 11.407 ; 11.955 ;
; SW_B_in[0] ; LEDR_Y[3]   ; 10.246 ; 10.842 ; 10.734 ; 11.330 ;
; SW_B_in[0] ; LEDR_Y[4]   ; 11.727 ; 12.527 ; 12.187 ; 12.989 ;
; SW_B_in[1] ; HEX0[0]     ; 9.339  ; 9.599  ; 9.744  ; 10.004 ;
; SW_B_in[1] ; HEX0[1]     ; 9.672  ; 9.760  ; 9.972  ; 10.060 ;
; SW_B_in[1] ; HEX0[2]     ; 9.410  ; 9.563  ; 9.745  ; 9.750  ;
; SW_B_in[1] ; HEX0[3]     ; 9.576  ; 9.643  ; 9.879  ; 9.932  ;
; SW_B_in[1] ; HEX0[4]     ; 9.399  ; 9.433  ; 9.701  ; 9.735  ;
; SW_B_in[1] ; HEX0[5]     ; 10.019 ; 10.187 ; 10.340 ; 10.430 ;
; SW_B_in[1] ; HEX0[6]     ; 9.857  ; 10.028 ; 10.190 ; 10.353 ;
; SW_B_in[1] ; HEX1[0]     ; 9.005  ; 8.912  ; 9.395  ; 9.302  ;
; SW_B_in[1] ; HEX1[2]     ; 8.907  ; 8.974  ; 9.297  ; 9.364  ;
; SW_B_in[1] ; HEX1[3]     ; 8.931  ; 8.925  ; 9.321  ; 9.315  ;
; SW_B_in[1] ; HEX1[4]     ; 9.314  ; 9.261  ; 9.673  ; 9.620  ;
; SW_B_in[1] ; HEX1[5]     ; 8.909  ; 8.918  ; 9.299  ; 9.308  ;
; SW_B_in[1] ; HEX1[6]     ; 8.608  ; 8.738  ; 8.998  ; 9.128  ;
; SW_B_in[1] ; LEDR_Cout   ; 10.315 ; 10.945 ; 10.742 ; 11.369 ;
; SW_B_in[1] ; LEDR_Y[0]   ;        ; 11.509 ; 11.110 ;        ;
; SW_B_in[1] ; LEDR_Y[1]   ; 9.375  ; 9.771  ; 9.838  ; 10.132 ;
; SW_B_in[1] ; LEDR_Y[2]   ; 10.639 ; 11.299 ; 11.017 ; 11.650 ;
; SW_B_in[1] ; LEDR_Y[3]   ; 9.966  ; 10.562 ; 10.387 ; 10.983 ;
; SW_B_in[1] ; LEDR_Y[4]   ; 11.419 ; 12.221 ; 11.840 ; 12.642 ;
; SW_Op[0]   ; HEX0[0]     ; 7.949  ; 8.059  ; 8.347  ; 8.457  ;
; SW_Op[0]   ; HEX0[1]     ; 7.989  ; 8.159  ; 8.387  ; 8.598  ;
; SW_Op[0]   ; HEX0[2]     ; 7.844  ; 7.767  ; 8.283  ; 8.165  ;
; SW_Op[0]   ; HEX0[3]     ; 7.896  ; 7.949  ; 8.294  ; 8.347  ;
; SW_Op[0]   ; HEX0[4]     ; 7.718  ; 7.752  ; 8.116  ; 8.150  ;
; SW_Op[0]   ; HEX0[5]     ; 8.357  ; 8.529  ; 8.755  ; 8.968  ;
; SW_Op[0]   ; HEX0[6]     ; 8.207  ; 8.452  ; 8.605  ; 8.891  ;
; SW_Op[0]   ; HEX1[0]     ; 8.170  ; 8.077  ; 8.549  ; 8.456  ;
; SW_Op[0]   ; HEX1[2]     ; 8.072  ; 8.139  ; 8.451  ; 8.518  ;
; SW_Op[0]   ; HEX1[3]     ; 8.096  ; 8.090  ; 8.475  ; 8.469  ;
; SW_Op[0]   ; HEX1[4]     ; 8.008  ; 7.955  ; 8.387  ; 8.334  ;
; SW_Op[0]   ; HEX1[5]     ; 8.074  ; 8.083  ; 8.453  ; 8.462  ;
; SW_Op[0]   ; HEX1[6]     ; 7.773  ; 7.903  ; 8.152  ; 8.282  ;
; SW_Op[0]   ; LEDR_Cout   ; 8.731  ; 9.335  ; 9.109  ; 9.694  ;
; SW_Op[0]   ; LEDR_Y[0]   ; 8.989  ; 9.561  ; 9.407  ; 9.962  ;
; SW_Op[0]   ; LEDR_Y[1]   ; 8.071  ; 8.366  ; 8.454  ; 8.731  ;
; SW_Op[0]   ; LEDR_Y[2]   ; 9.170  ; 9.681  ; 9.549  ; 10.041 ;
; SW_Op[0]   ; LEDR_Y[3]   ; 8.654  ; 9.101  ; 9.031  ; 9.458  ;
; SW_Op[0]   ; LEDR_Y[4]   ; 9.901  ; 10.558 ; 10.260 ; 10.937 ;
; SW_Op[1]   ; HEX0[0]     ; 8.417  ; 8.527  ; 8.785  ; 8.895  ;
; SW_Op[1]   ; HEX0[1]     ; 8.457  ; 8.697  ; 8.825  ; 9.065  ;
; SW_Op[1]   ; HEX0[2]     ; 8.382  ; 8.235  ; 8.750  ; 8.603  ;
; SW_Op[1]   ; HEX0[3]     ; 8.364  ; 8.417  ; 8.732  ; 8.785  ;
; SW_Op[1]   ; HEX0[4]     ; 8.186  ; 8.220  ; 8.554  ; 8.588  ;
; SW_Op[1]   ; HEX0[5]     ; 8.825  ; 9.067  ; 9.193  ; 9.435  ;
; SW_Op[1]   ; HEX0[6]     ; 8.675  ; 8.990  ; 9.043  ; 9.358  ;
; SW_Op[1]   ; HEX1[0]     ; 8.610  ; 8.517  ; 9.072  ; 8.979  ;
; SW_Op[1]   ; HEX1[2]     ; 8.512  ; 8.579  ; 8.974  ; 9.041  ;
; SW_Op[1]   ; HEX1[3]     ; 8.536  ; 8.530  ; 8.998  ; 8.992  ;
; SW_Op[1]   ; HEX1[4]     ; 8.441  ; 8.388  ; 8.809  ; 8.756  ;
; SW_Op[1]   ; HEX1[5]     ; 8.514  ; 8.523  ; 8.976  ; 8.985  ;
; SW_Op[1]   ; HEX1[6]     ; 8.213  ; 8.343  ; 8.675  ; 8.805  ;
; SW_Op[1]   ; LEDR_Cout   ; 8.966  ; 9.671  ; 9.422  ; 10.003 ;
; SW_Op[1]   ; LEDR_Y[0]   ; 10.011 ; 10.652 ; 10.379 ; 11.005 ;
; SW_Op[1]   ; LEDR_Y[1]   ; 9.188  ; 9.573  ; 9.577  ; 9.929  ;
; SW_Op[1]   ; LEDR_Y[2]   ; 9.333  ; 9.948  ; 9.795  ; 10.271 ;
; SW_Op[1]   ; LEDR_Y[3]   ; 9.095  ; 9.571  ; 9.452  ; 9.920  ;
; SW_Op[1]   ; LEDR_Y[4]   ; 10.194 ; 10.852 ; 10.551 ; 11.209 ;
; SW_Op[2]   ; HEX0[0]     ; 8.844  ; 8.968  ; 9.204  ; 9.328  ;
; SW_Op[2]   ; HEX0[1]     ; 8.890  ; 9.222  ; 9.250  ; 9.520  ;
; SW_Op[2]   ; HEX0[2]     ; 8.628  ; 8.913  ; 8.988  ; 9.104  ;
; SW_Op[2]   ; HEX0[3]     ; 8.791  ; 9.102  ; 9.151  ; 9.286  ;
; SW_Op[2]   ; HEX0[4]     ; 8.614  ; 8.892  ; 8.974  ; 9.089  ;
; SW_Op[2]   ; HEX0[5]     ; 8.890  ; 9.058  ; 9.250  ; 9.418  ;
; SW_Op[2]   ; HEX0[6]     ; 8.728  ; 8.953  ; 9.088  ; 9.313  ;
; SW_Op[2]   ; HEX1[0]     ; 8.604  ; 8.511  ; 8.960  ; 8.867  ;
; SW_Op[2]   ; HEX1[2]     ; 8.506  ; 8.573  ; 8.862  ; 8.929  ;
; SW_Op[2]   ; HEX1[3]     ; 8.530  ; 8.524  ; 8.886  ; 8.880  ;
; SW_Op[2]   ; HEX1[4]     ; 8.952  ; 8.899  ; 9.310  ; 9.257  ;
; SW_Op[2]   ; HEX1[5]     ; 8.508  ; 8.517  ; 8.864  ; 8.873  ;
; SW_Op[2]   ; HEX1[6]     ; 8.207  ; 8.337  ; 8.563  ; 8.693  ;
; SW_Op[2]   ; LEDR_Cout   ; 8.909  ; 9.607  ; 9.268  ; 9.904  ;
; SW_Op[2]   ; LEDR_Y[0]   ; 10.389 ; 11.066 ; 10.763 ; 11.428 ;
; SW_Op[2]   ; LEDR_Y[1]   ; 9.075  ; 9.586  ; 9.556  ; 9.958  ;
; SW_Op[2]   ; LEDR_Y[2]   ; 9.353  ; 9.951  ; 9.712  ; 10.255 ;
; SW_Op[2]   ; LEDR_Y[3]   ; 8.837  ; 9.378  ; 9.197  ; 9.676  ;
; SW_Op[2]   ; LEDR_Y[4]   ; 9.926  ; 10.584 ; 10.413 ; 11.071 ;
+------------+-------------+--------+--------+--------+--------+


---------------------------------------------
; Slow 1100mV 0C Model Metastability Report ;
---------------------------------------------
No synchronizer chains to report.


---------------------------------------
; Fast 1100mV 85C Model Setup Summary ;
---------------------------------------
No paths to report.


--------------------------------------
; Fast 1100mV 85C Model Hold Summary ;
--------------------------------------
No paths to report.


------------------------------------------
; Fast 1100mV 85C Model Recovery Summary ;
------------------------------------------
No paths to report.


-----------------------------------------
; Fast 1100mV 85C Model Removal Summary ;
-----------------------------------------
No paths to report.


-----------------------------------------------------
; Fast 1100mV 85C Model Minimum Pulse Width Summary ;
-----------------------------------------------------
No paths to report.


+----------------------------------------------------------+
; Propagation Delay                                        ;
+------------+-------------+-------+-------+-------+-------+
; Input Port ; Output Port ; RR    ; RF    ; FR    ; FF    ;
+------------+-------------+-------+-------+-------+-------+
; SW_A[0]    ; HEX0[0]     ; 8.320 ; 8.511 ; 9.071 ; 9.262 ;
; SW_A[0]    ; HEX0[1]     ; 8.312 ; 8.382 ; 9.063 ; 9.133 ;
; SW_A[0]    ; HEX0[2]     ; 8.058 ; 8.144 ; 8.809 ; 8.895 ;
; SW_A[0]    ; HEX0[3]     ; 8.247 ; 8.374 ; 8.998 ; 9.125 ;
; SW_A[0]    ; HEX0[4]     ; 8.073 ; 8.154 ; 8.824 ; 8.905 ;
; SW_A[0]    ; HEX0[5]     ; 8.468 ; 8.609 ; 9.219 ; 9.360 ;
; SW_A[0]    ; HEX0[6]     ; 8.428 ; 8.550 ; 9.179 ; 9.301 ;
; SW_A[0]    ; HEX1[0]     ; 7.348 ; 7.267 ; 8.099 ; 8.018 ;
; SW_A[0]    ; HEX1[2]     ; 7.274 ; 7.343 ; 8.025 ; 8.094 ;
; SW_A[0]    ; HEX1[3]     ; 7.272 ; 7.325 ; 8.023 ; 8.076 ;
; SW_A[0]    ; HEX1[4]     ; 7.259 ; 7.144 ; 8.010 ; 7.895 ;
; SW_A[0]    ; HEX1[5]     ; 7.343 ; 7.263 ; 8.094 ; 8.014 ;
; SW_A[0]    ; HEX1[6]     ; 6.224 ; 6.417 ; 6.975 ; 7.168 ;
; SW_A[0]    ; LEDR_Cout   ; 6.441 ; 7.183 ; 7.188 ; 7.930 ;
; SW_A[0]    ; LEDR_Y[0]   ; 6.680 ; 7.538 ; 7.443 ; 8.317 ;
; SW_A[0]    ; LEDR_Y[1]   ; 6.079 ; 6.454 ; 6.834 ; 7.209 ;
; SW_A[0]    ; LEDR_Y[2]   ; 6.583 ; 7.260 ; 7.340 ; 8.019 ;
; SW_A[0]    ; LEDR_Y[3]   ; 6.416 ; 7.111 ; 7.167 ; 7.862 ;
; SW_A[0]    ; LEDR_Y[4]   ; 7.093 ; 7.962 ; 7.851 ; 8.718 ;
; SW_A[1]    ; HEX0[0]     ; 8.305 ; 8.496 ; 9.068 ; 9.259 ;
; SW_A[1]    ; HEX0[1]     ; 8.297 ; 8.367 ; 9.060 ; 9.130 ;
; SW_A[1]    ; HEX0[2]     ; 8.043 ; 8.129 ; 8.806 ; 8.892 ;
; SW_A[1]    ; HEX0[3]     ; 8.232 ; 8.359 ; 8.995 ; 9.122 ;
; SW_A[1]    ; HEX0[4]     ; 8.058 ; 8.139 ; 8.821 ; 8.902 ;
; SW_A[1]    ; HEX0[5]     ; 8.453 ; 8.594 ; 9.216 ; 9.357 ;
; SW_A[1]    ; HEX0[6]     ; 8.413 ; 8.535 ; 9.176 ; 9.298 ;
; SW_A[1]    ; HEX1[0]     ; 7.333 ; 7.252 ; 8.096 ; 8.015 ;
; SW_A[1]    ; HEX1[2]     ; 7.259 ; 7.328 ; 8.022 ; 8.091 ;
; SW_A[1]    ; HEX1[3]     ; 7.257 ; 7.310 ; 8.020 ; 8.073 ;
; SW_A[1]    ; HEX1[4]     ; 7.244 ; 7.129 ; 8.007 ; 7.892 ;
; SW_A[1]    ; HEX1[5]     ; 7.328 ; 7.248 ; 8.091 ; 8.011 ;
; SW_A[1]    ; HEX1[6]     ; 6.209 ; 6.402 ; 6.972 ; 7.165 ;
; SW_A[1]    ; LEDR_Cout   ; 6.426 ; 7.168 ; 7.220 ; 7.962 ;
; SW_A[1]    ; LEDR_Y[0]   ; 6.462 ;       ;       ; 8.118 ;
; SW_A[1]    ; LEDR_Y[1]   ; 6.002 ; 6.385 ; 6.800 ; 7.188 ;
; SW_A[1]    ; LEDR_Y[2]   ; 6.568 ; 7.247 ; 7.337 ; 8.050 ;
; SW_A[1]    ; LEDR_Y[3]   ; 6.401 ; 7.096 ; 7.164 ; 7.859 ;
; SW_A[1]    ; LEDR_Y[4]   ; 7.078 ; 7.947 ; 7.848 ; 8.715 ;
; SW_A[2]    ; HEX0[0]     ; 8.400 ; 8.591 ; 9.150 ; 9.341 ;
; SW_A[2]    ; HEX0[1]     ; 8.392 ; 8.462 ; 9.142 ; 9.212 ;
; SW_A[2]    ; HEX0[2]     ; 8.138 ; 8.224 ; 8.888 ; 8.974 ;
; SW_A[2]    ; HEX0[3]     ; 8.327 ; 8.454 ; 9.077 ; 9.204 ;
; SW_A[2]    ; HEX0[4]     ; 8.153 ; 8.234 ; 8.903 ; 8.984 ;
; SW_A[2]    ; HEX0[5]     ; 8.548 ; 8.689 ; 9.298 ; 9.439 ;
; SW_A[2]    ; HEX0[6]     ; 8.508 ; 8.630 ; 9.258 ; 9.380 ;
; SW_A[2]    ; HEX1[0]     ; 7.428 ; 7.347 ; 8.178 ; 8.097 ;
; SW_A[2]    ; HEX1[2]     ; 7.354 ; 7.423 ; 8.104 ; 8.173 ;
; SW_A[2]    ; HEX1[3]     ; 7.352 ; 7.405 ; 8.102 ; 8.155 ;
; SW_A[2]    ; HEX1[4]     ; 7.339 ; 7.224 ; 8.089 ; 7.974 ;
; SW_A[2]    ; HEX1[5]     ; 7.423 ; 7.343 ; 8.173 ; 8.093 ;
; SW_A[2]    ; HEX1[6]     ; 6.304 ; 6.497 ; 7.054 ; 7.247 ;
; SW_A[2]    ; LEDR_Cout   ; 6.521 ; 7.263 ; 7.267 ; 8.009 ;
; SW_A[2]    ; LEDR_Y[0]   ; 6.688 ;       ;       ; 8.298 ;
; SW_A[2]    ; LEDR_Y[2]   ; 6.601 ; 7.265 ; 7.382 ; 8.045 ;
; SW_A[2]    ; LEDR_Y[3]   ; 6.496 ; 7.191 ; 7.246 ; 7.941 ;
; SW_A[2]    ; LEDR_Y[4]   ; 7.173 ; 8.042 ; 7.930 ; 8.797 ;
; SW_A[3]    ; HEX0[0]     ; 7.978 ; 8.169 ; 8.698 ; 8.889 ;
; SW_A[3]    ; HEX0[1]     ; 7.970 ; 8.040 ; 8.690 ; 8.760 ;
; SW_A[3]    ; HEX0[2]     ; 7.716 ; 7.802 ; 8.436 ; 8.522 ;
; SW_A[3]    ; HEX0[3]     ; 7.905 ; 8.032 ; 8.625 ; 8.752 ;
; SW_A[3]    ; HEX0[4]     ; 7.731 ; 7.812 ; 8.451 ; 8.532 ;
; SW_A[3]    ; HEX0[5]     ; 8.126 ; 8.267 ; 8.846 ; 8.987 ;
; SW_A[3]    ; HEX0[6]     ; 8.086 ; 8.208 ; 8.806 ; 8.928 ;
; SW_A[3]    ; HEX1[0]     ; 7.094 ; 7.013 ; 7.811 ; 7.730 ;
; SW_A[3]    ; HEX1[2]     ; 7.020 ; 7.089 ; 7.737 ; 7.806 ;
; SW_A[3]    ; HEX1[3]     ; 7.018 ; 7.071 ; 7.735 ; 7.788 ;
; SW_A[3]    ; HEX1[4]     ; 7.005 ; 6.890 ; 7.722 ; 7.607 ;
; SW_A[3]    ; HEX1[5]     ; 7.089 ; 7.009 ; 7.806 ; 7.726 ;
; SW_A[3]    ; HEX1[6]     ; 5.970 ; 6.163 ; 6.687 ; 6.880 ;
; SW_A[3]    ; LEDR_Cout   ; 6.236 ; 6.978 ; 6.944 ; 7.686 ;
; SW_A[3]    ; LEDR_Y[0]   ; 6.331 ;       ;       ; 7.927 ;
; SW_A[3]    ; LEDR_Y[3]   ; 6.030 ; 6.769 ; 6.752 ; 7.489 ;
; SW_A[3]    ; LEDR_Y[4]   ; 6.888 ; 7.757 ; 7.607 ; 8.474 ;
; SW_A[4]    ; HEX0[0]     ; 7.809 ; 8.000 ; 8.578 ; 8.769 ;
; SW_A[4]    ; HEX0[1]     ; 7.801 ; 7.871 ; 8.570 ; 8.640 ;
; SW_A[4]    ; HEX0[2]     ; 7.547 ; 7.633 ; 8.316 ; 8.402 ;
; SW_A[4]    ; HEX0[3]     ; 7.736 ; 7.863 ; 8.505 ; 8.632 ;
; SW_A[4]    ; HEX0[4]     ; 7.562 ; 7.643 ; 8.331 ; 8.412 ;
; SW_A[4]    ; HEX0[5]     ; 7.957 ; 8.098 ; 8.726 ; 8.867 ;
; SW_A[4]    ; HEX0[6]     ; 7.917 ; 8.039 ; 8.686 ; 8.808 ;
; SW_A[4]    ; HEX1[0]     ; 7.075 ; 6.994 ; 7.844 ; 7.763 ;
; SW_A[4]    ; HEX1[2]     ; 7.001 ; 7.070 ; 7.770 ; 7.839 ;
; SW_A[4]    ; HEX1[3]     ; 6.999 ; 7.052 ; 7.768 ; 7.821 ;
; SW_A[4]    ; HEX1[4]     ; 6.986 ; 6.871 ; 7.755 ; 7.640 ;
; SW_A[4]    ; HEX1[5]     ; 7.070 ; 6.990 ; 7.839 ; 7.759 ;
; SW_A[4]    ; HEX1[6]     ; 5.951 ; 6.144 ; 6.720 ; 6.913 ;
; SW_A[4]    ; LEDR_Cout   ; 6.337 ; 7.079 ; 7.105 ; 7.847 ;
; SW_A[4]    ; LEDR_Y[0]   ; 6.569 ;       ;       ; 8.198 ;
; SW_A[4]    ; LEDR_Y[4]   ; 6.833 ; 7.738 ; 7.585 ; 8.507 ;
; SW_B_in[0] ; HEX0[0]     ; 8.414 ; 8.605 ; 9.178 ; 9.369 ;
; SW_B_in[0] ; HEX0[1]     ; 8.406 ; 8.476 ; 9.170 ; 9.240 ;
; SW_B_in[0] ; HEX0[2]     ; 8.152 ; 8.238 ; 8.916 ; 9.002 ;
; SW_B_in[0] ; HEX0[3]     ; 8.341 ; 8.468 ; 9.105 ; 9.232 ;
; SW_B_in[0] ; HEX0[4]     ; 8.167 ; 8.248 ; 8.931 ; 9.012 ;
; SW_B_in[0] ; HEX0[5]     ; 8.562 ; 8.703 ; 9.326 ; 9.467 ;
; SW_B_in[0] ; HEX0[6]     ; 8.522 ; 8.644 ; 9.286 ; 9.408 ;
; SW_B_in[0] ; HEX1[0]     ; 7.442 ; 7.361 ; 8.206 ; 8.125 ;
; SW_B_in[0] ; HEX1[2]     ; 7.368 ; 7.437 ; 8.132 ; 8.201 ;
; SW_B_in[0] ; HEX1[3]     ; 7.366 ; 7.419 ; 8.130 ; 8.183 ;
; SW_B_in[0] ; HEX1[4]     ; 7.353 ; 7.238 ; 8.117 ; 8.002 ;
; SW_B_in[0] ; HEX1[5]     ; 7.437 ; 7.357 ; 8.201 ; 8.121 ;
; SW_B_in[0] ; HEX1[6]     ; 6.318 ; 6.511 ; 7.082 ; 7.275 ;
; SW_B_in[0] ; LEDR_Cout   ; 6.535 ; 7.277 ; 7.295 ; 8.037 ;
; SW_B_in[0] ; LEDR_Y[0]   ; 6.866 ; 7.672 ; 7.665 ; 8.469 ;
; SW_B_in[0] ; LEDR_Y[1]   ; 6.173 ; 6.548 ; 6.941 ; 7.316 ;
; SW_B_in[0] ; LEDR_Y[2]   ; 6.677 ; 7.354 ; 7.447 ; 8.126 ;
; SW_B_in[0] ; LEDR_Y[3]   ; 6.510 ; 7.205 ; 7.274 ; 7.969 ;
; SW_B_in[0] ; LEDR_Y[4]   ; 7.187 ; 8.056 ; 7.958 ; 8.825 ;
; SW_B_in[1] ; HEX0[0]     ; 8.307 ; 8.498 ; 9.085 ; 9.276 ;
; SW_B_in[1] ; HEX0[1]     ; 8.299 ; 8.369 ; 9.077 ; 9.147 ;
; SW_B_in[1] ; HEX0[2]     ; 8.045 ; 8.131 ; 8.823 ; 8.909 ;
; SW_B_in[1] ; HEX0[3]     ; 8.234 ; 8.361 ; 9.012 ; 9.139 ;
; SW_B_in[1] ; HEX0[4]     ; 8.060 ; 8.141 ; 8.838 ; 8.919 ;
; SW_B_in[1] ; HEX0[5]     ; 8.455 ; 8.596 ; 9.233 ; 9.374 ;
; SW_B_in[1] ; HEX0[6]     ; 8.415 ; 8.537 ; 9.193 ; 9.315 ;
; SW_B_in[1] ; HEX1[0]     ; 7.335 ; 7.254 ; 8.113 ; 8.032 ;
; SW_B_in[1] ; HEX1[2]     ; 7.261 ; 7.330 ; 8.039 ; 8.108 ;
; SW_B_in[1] ; HEX1[3]     ; 7.259 ; 7.312 ; 8.037 ; 8.090 ;
; SW_B_in[1] ; HEX1[4]     ; 7.246 ; 7.131 ; 8.024 ; 7.909 ;
; SW_B_in[1] ; HEX1[5]     ; 7.330 ; 7.250 ; 8.108 ; 8.028 ;
; SW_B_in[1] ; HEX1[6]     ; 6.211 ; 6.404 ; 6.989 ; 7.182 ;
; SW_B_in[1] ; LEDR_Cout   ; 6.428 ; 7.170 ; 7.202 ; 7.944 ;
; SW_B_in[1] ; LEDR_Y[0]   ;       ; 7.379 ; 7.325 ;       ;
; SW_B_in[1] ; LEDR_Y[1]   ; 5.885 ; 6.318 ; 6.677 ; 7.126 ;
; SW_B_in[1] ; LEDR_Y[2]   ; 6.570 ; 7.247 ; 7.354 ; 8.033 ;
; SW_B_in[1] ; LEDR_Y[3]   ; 6.403 ; 7.098 ; 7.181 ; 7.876 ;
; SW_B_in[1] ; LEDR_Y[4]   ; 7.080 ; 7.949 ; 7.865 ; 8.732 ;
; SW_Op[0]   ; HEX0[0]     ; 7.279 ; 7.470 ; 8.055 ; 8.246 ;
; SW_Op[0]   ; HEX0[1]     ; 7.271 ; 7.341 ; 8.047 ; 8.117 ;
; SW_Op[0]   ; HEX0[2]     ; 7.017 ; 7.103 ; 7.793 ; 7.879 ;
; SW_Op[0]   ; HEX0[3]     ; 7.206 ; 7.333 ; 7.982 ; 8.109 ;
; SW_Op[0]   ; HEX0[4]     ; 7.032 ; 7.113 ; 7.808 ; 7.889 ;
; SW_Op[0]   ; HEX0[5]     ; 7.427 ; 7.568 ; 8.203 ; 8.344 ;
; SW_Op[0]   ; HEX0[6]     ; 7.387 ; 7.509 ; 8.163 ; 8.285 ;
; SW_Op[0]   ; HEX1[0]     ; 6.312 ; 6.231 ; 7.088 ; 7.007 ;
; SW_Op[0]   ; HEX1[2]     ; 6.238 ; 6.307 ; 7.014 ; 7.083 ;
; SW_Op[0]   ; HEX1[3]     ; 6.236 ; 6.289 ; 7.012 ; 7.065 ;
; SW_Op[0]   ; HEX1[4]     ; 6.223 ; 6.108 ; 6.999 ; 6.884 ;
; SW_Op[0]   ; HEX1[5]     ; 6.307 ; 6.227 ; 7.083 ; 7.003 ;
; SW_Op[0]   ; HEX1[6]     ; 5.188 ; 5.381 ; 5.964 ; 6.157 ;
; SW_Op[0]   ; LEDR_Cout   ; 5.475 ; 6.162 ; 6.260 ; 6.940 ;
; SW_Op[0]   ; LEDR_Y[0]   ; 5.605 ; 6.245 ; 6.444 ; 7.081 ;
; SW_Op[0]   ; LEDR_Y[1]   ; 4.949 ; 5.299 ; 5.734 ; 6.081 ;
; SW_Op[0]   ; LEDR_Y[2]   ; 5.757 ; 6.351 ; 6.533 ; 7.127 ;
; SW_Op[0]   ; LEDR_Y[3]   ; 5.657 ; 6.242 ; 6.433 ; 7.018 ;
; SW_Op[0]   ; LEDR_Y[4]   ; 6.201 ; 6.977 ; 6.977 ; 7.753 ;
; SW_Op[1]   ; HEX0[0]     ; 7.526 ; 7.717 ; 8.329 ; 8.520 ;
; SW_Op[1]   ; HEX0[1]     ; 7.518 ; 7.588 ; 8.321 ; 8.391 ;
; SW_Op[1]   ; HEX0[2]     ; 7.264 ; 7.350 ; 8.067 ; 8.153 ;
; SW_Op[1]   ; HEX0[3]     ; 7.453 ; 7.580 ; 8.256 ; 8.383 ;
; SW_Op[1]   ; HEX0[4]     ; 7.279 ; 7.360 ; 8.082 ; 8.163 ;
; SW_Op[1]   ; HEX0[5]     ; 7.674 ; 7.815 ; 8.477 ; 8.618 ;
; SW_Op[1]   ; HEX0[6]     ; 7.634 ; 7.756 ; 8.437 ; 8.559 ;
; SW_Op[1]   ; HEX1[0]     ; 6.720 ; 6.639 ; 7.510 ; 7.429 ;
; SW_Op[1]   ; HEX1[2]     ; 6.646 ; 6.715 ; 7.436 ; 7.505 ;
; SW_Op[1]   ; HEX1[3]     ; 6.644 ; 6.697 ; 7.434 ; 7.487 ;
; SW_Op[1]   ; HEX1[4]     ; 6.631 ; 6.516 ; 7.421 ; 7.306 ;
; SW_Op[1]   ; HEX1[5]     ; 6.715 ; 6.635 ; 7.505 ; 7.425 ;
; SW_Op[1]   ; HEX1[6]     ; 5.596 ; 5.789 ; 6.386 ; 6.579 ;
; SW_Op[1]   ; LEDR_Cout   ; 5.651 ; 6.387 ; 6.445 ; 7.159 ;
; SW_Op[1]   ; LEDR_Y[0]   ; 6.304 ; 7.139 ; 7.096 ; 7.928 ;
; SW_Op[1]   ; LEDR_Y[1]   ; 5.544 ; 5.995 ; 6.328 ; 6.798 ;
; SW_Op[1]   ; LEDR_Y[2]   ; 5.970 ; 6.564 ; 6.759 ; 7.353 ;
; SW_Op[1]   ; LEDR_Y[3]   ; 5.870 ; 6.455 ; 6.659 ; 7.244 ;
; SW_Op[1]   ; LEDR_Y[4]   ; 6.494 ; 7.224 ; 7.284 ; 8.014 ;
; SW_Op[2]   ; HEX0[0]     ; 7.517 ; 7.708 ; 8.315 ; 8.506 ;
; SW_Op[2]   ; HEX0[1]     ; 7.509 ; 7.579 ; 8.307 ; 8.377 ;
; SW_Op[2]   ; HEX0[2]     ; 7.255 ; 7.341 ; 8.053 ; 8.139 ;
; SW_Op[2]   ; HEX0[3]     ; 7.444 ; 7.571 ; 8.242 ; 8.369 ;
; SW_Op[2]   ; HEX0[4]     ; 7.270 ; 7.351 ; 8.068 ; 8.149 ;
; SW_Op[2]   ; HEX0[5]     ; 7.665 ; 7.806 ; 8.463 ; 8.604 ;
; SW_Op[2]   ; HEX0[6]     ; 7.625 ; 7.747 ; 8.423 ; 8.545 ;
; SW_Op[2]   ; HEX1[0]     ; 6.683 ; 6.602 ; 7.483 ; 7.402 ;
; SW_Op[2]   ; HEX1[2]     ; 6.609 ; 6.678 ; 7.409 ; 7.478 ;
; SW_Op[2]   ; HEX1[3]     ; 6.607 ; 6.660 ; 7.407 ; 7.460 ;
; SW_Op[2]   ; HEX1[4]     ; 6.594 ; 6.479 ; 7.394 ; 7.279 ;
; SW_Op[2]   ; HEX1[5]     ; 6.678 ; 6.598 ; 7.478 ; 7.398 ;
; SW_Op[2]   ; HEX1[6]     ; 5.559 ; 5.752 ; 6.359 ; 6.552 ;
; SW_Op[2]   ; LEDR_Cout   ; 5.609 ; 6.309 ; 6.387 ; 7.074 ;
; SW_Op[2]   ; LEDR_Y[0]   ; 6.318 ; 7.167 ; 7.165 ; 7.948 ;
; SW_Op[2]   ; LEDR_Y[1]   ; 5.563 ; 5.993 ; 6.358 ; 6.795 ;
; SW_Op[2]   ; LEDR_Y[2]   ; 5.855 ; 6.458 ; 6.675 ; 7.268 ;
; SW_Op[2]   ; LEDR_Y[3]   ; 5.755 ; 6.342 ; 6.575 ; 7.159 ;
; SW_Op[2]   ; LEDR_Y[4]   ; 6.457 ; 7.187 ; 7.257 ; 7.987 ;
+------------+-------------+-------+-------+-------+-------+


+----------------------------------------------------------+
; Minimum Propagation Delay                                ;
+------------+-------------+-------+-------+-------+-------+
; Input Port ; Output Port ; RR    ; RF    ; FR    ; FF    ;
+------------+-------------+-------+-------+-------+-------+
; SW_A[0]    ; HEX0[0]     ; 4.898 ; 5.014 ; 5.727 ; 5.843 ;
; SW_A[0]    ; HEX0[1]     ; 4.889 ; 5.079 ; 5.718 ; 5.870 ;
; SW_A[0]    ; HEX0[2]     ; 4.845 ; 4.798 ; 5.636 ; 5.627 ;
; SW_A[0]    ; HEX0[3]     ; 4.836 ; 4.907 ; 5.665 ; 5.736 ;
; SW_A[0]    ; HEX0[4]     ; 4.762 ; 4.815 ; 5.591 ; 5.644 ;
; SW_A[0]    ; HEX0[5]     ; 5.102 ; 5.300 ; 5.931 ; 6.091 ;
; SW_A[0]    ; HEX0[6]     ; 5.016 ; 5.255 ; 5.845 ; 6.046 ;
; SW_A[0]    ; HEX1[0]     ; 4.781 ; 4.714 ; 5.582 ; 5.515 ;
; SW_A[0]    ; HEX1[2]     ; 4.725 ; 4.781 ; 5.526 ; 5.582 ;
; SW_A[0]    ; HEX1[3]     ; 4.688 ; 4.760 ; 5.489 ; 5.561 ;
; SW_A[0]    ; HEX1[4]     ; 4.820 ; 4.722 ; 5.588 ; 5.490 ;
; SW_A[0]    ; HEX1[5]     ; 4.762 ; 4.690 ; 5.563 ; 5.491 ;
; SW_A[0]    ; HEX1[6]     ; 4.681 ; 4.823 ; 5.482 ; 5.624 ;
; SW_A[0]    ; LEDR_Cout   ; 5.835 ; 6.435 ; 6.565 ; 7.165 ;
; SW_A[0]    ; LEDR_Y[0]   ; 5.764 ; 6.429 ; 6.525 ; 7.168 ;
; SW_A[0]    ; LEDR_Y[1]   ; 5.026 ; 5.805 ; 6.184 ; 6.119 ;
; SW_A[0]    ; LEDR_Y[2]   ; 5.933 ; 6.456 ; 6.674 ; 7.195 ;
; SW_A[0]    ; LEDR_Y[3]   ; 5.751 ; 6.313 ; 6.486 ; 7.048 ;
; SW_A[0]    ; LEDR_Y[4]   ; 6.340 ; 7.042 ; 7.086 ; 7.789 ;
; SW_A[1]    ; HEX0[0]     ; 5.015 ; 5.181 ; 5.788 ; 5.954 ;
; SW_A[1]    ; HEX0[1]     ; 5.086 ; 5.189 ; 5.859 ; 5.962 ;
; SW_A[1]    ; HEX0[2]     ; 4.930 ; 4.998 ; 5.708 ; 5.791 ;
; SW_A[1]    ; HEX0[3]     ; 5.028 ; 5.111 ; 5.801 ; 5.884 ;
; SW_A[1]    ; HEX0[4]     ; 4.947 ; 5.011 ; 5.725 ; 5.787 ;
; SW_A[1]    ; HEX0[5]     ; 5.331 ; 5.474 ; 6.107 ; 6.259 ;
; SW_A[1]    ; HEX0[6]     ; 5.245 ; 5.356 ; 6.019 ; 6.129 ;
; SW_A[1]    ; HEX1[0]     ; 4.783 ; 4.716 ; 5.620 ; 5.553 ;
; SW_A[1]    ; HEX1[2]     ; 4.727 ; 4.783 ; 5.564 ; 5.620 ;
; SW_A[1]    ; HEX1[3]     ; 4.690 ; 4.762 ; 5.527 ; 5.599 ;
; SW_A[1]    ; HEX1[4]     ; 4.956 ; 4.858 ; 5.727 ; 5.629 ;
; SW_A[1]    ; HEX1[5]     ; 4.764 ; 4.692 ; 5.601 ; 5.529 ;
; SW_A[1]    ; HEX1[6]     ; 4.683 ; 4.825 ; 5.520 ; 5.662 ;
; SW_A[1]    ; LEDR_Cout   ; 5.788 ; 6.386 ; 6.561 ; 7.159 ;
; SW_A[1]    ; LEDR_Y[0]   ; 5.925 ;       ;       ; 7.376 ;
; SW_A[1]    ; LEDR_Y[1]   ; 5.096 ; 5.456 ; 5.869 ; 6.224 ;
; SW_A[1]    ; LEDR_Y[2]   ; 5.361 ; 6.419 ; 6.626 ; 6.629 ;
; SW_A[1]    ; LEDR_Y[3]   ; 5.666 ; 6.228 ; 6.439 ; 7.001 ;
; SW_A[1]    ; LEDR_Y[4]   ; 6.259 ; 6.961 ; 7.028 ; 7.730 ;
; SW_A[2]    ; HEX0[0]     ; 5.013 ; 5.140 ; 5.760 ; 5.917 ;
; SW_A[2]    ; HEX0[1]     ; 5.011 ; 5.189 ; 5.814 ; 5.934 ;
; SW_A[2]    ; HEX0[2]     ; 4.748 ; 4.816 ; 5.573 ; 5.641 ;
; SW_A[2]    ; HEX0[3]     ; 4.950 ; 5.100 ; 5.753 ; 5.856 ;
; SW_A[2]    ; HEX0[4]     ; 4.765 ; 4.829 ; 5.590 ; 5.654 ;
; SW_A[2]    ; HEX0[5]     ; 5.120 ; 5.232 ; 5.923 ; 6.035 ;
; SW_A[2]    ; HEX0[6]     ; 5.027 ; 5.175 ; 5.830 ; 5.978 ;
; SW_A[2]    ; HEX1[0]     ; 4.583 ; 4.516 ; 5.378 ; 5.311 ;
; SW_A[2]    ; HEX1[2]     ; 4.527 ; 4.583 ; 5.322 ; 5.378 ;
; SW_A[2]    ; HEX1[3]     ; 4.490 ; 4.562 ; 5.285 ; 5.357 ;
; SW_A[2]    ; HEX1[4]     ; 4.924 ; 4.828 ; 5.719 ; 5.623 ;
; SW_A[2]    ; HEX1[5]     ; 4.564 ; 4.492 ; 5.359 ; 5.287 ;
; SW_A[2]    ; HEX1[6]     ; 4.483 ; 4.625 ; 5.278 ; 5.420 ;
; SW_A[2]    ; LEDR_Cout   ; 5.871 ; 6.469 ; 6.628 ; 7.226 ;
; SW_A[2]    ; LEDR_Y[0]   ; 6.115 ;       ;       ; 7.561 ;
; SW_A[2]    ; LEDR_Y[2]   ; 5.031 ; 5.933 ; 6.200 ; 6.262 ;
; SW_A[2]    ; LEDR_Y[3]   ; 5.209 ; 6.294 ; 6.485 ; 6.439 ;
; SW_A[2]    ; LEDR_Y[4]   ; 6.349 ; 7.052 ; 7.091 ; 7.793 ;
; SW_A[3]    ; HEX0[0]     ; 4.739 ; 4.866 ; 5.495 ; 5.622 ;
; SW_A[3]    ; HEX0[1]     ; 4.737 ; 4.969 ; 5.493 ; 5.732 ;
; SW_A[3]    ; HEX0[2]     ; 4.586 ; 4.781 ; 5.342 ; 5.544 ;
; SW_A[3]    ; HEX0[3]     ; 4.676 ; 4.888 ; 5.432 ; 5.651 ;
; SW_A[3]    ; HEX0[4]     ; 4.600 ; 4.791 ; 5.356 ; 5.554 ;
; SW_A[3]    ; HEX0[5]     ; 4.846 ; 4.958 ; 5.602 ; 5.714 ;
; SW_A[3]    ; HEX0[6]     ; 4.753 ; 4.901 ; 5.509 ; 5.657 ;
; SW_A[3]    ; HEX1[0]     ; 4.414 ; 4.347 ; 5.210 ; 5.143 ;
; SW_A[3]    ; HEX1[2]     ; 4.358 ; 4.414 ; 5.154 ; 5.210 ;
; SW_A[3]    ; HEX1[3]     ; 4.321 ; 4.393 ; 5.117 ; 5.189 ;
; SW_A[3]    ; HEX1[4]     ; 4.487 ; 4.389 ; 5.295 ; 5.197 ;
; SW_A[3]    ; HEX1[5]     ; 4.395 ; 4.323 ; 5.191 ; 5.119 ;
; SW_A[3]    ; HEX1[6]     ; 4.314 ; 4.456 ; 5.110 ; 5.252 ;
; SW_A[3]    ; LEDR_Cout   ; 5.632 ; 6.230 ; 6.360 ; 6.960 ;
; SW_A[3]    ; LEDR_Y[0]   ; 5.809 ;       ;       ; 7.225 ;
; SW_A[3]    ; LEDR_Y[3]   ; 4.935 ; 5.535 ; 5.805 ; 6.172 ;
; SW_A[3]    ; LEDR_Y[4]   ; 5.724 ; 6.774 ; 6.804 ; 7.145 ;
; SW_A[4]    ; HEX0[0]     ; 4.946 ; 5.103 ; 5.701 ; 5.858 ;
; SW_A[4]    ; HEX0[1]     ; 5.017 ; 5.120 ; 5.772 ; 5.875 ;
; SW_A[4]    ; HEX0[2]     ; 4.866 ; 4.935 ; 5.621 ; 5.690 ;
; SW_A[4]    ; HEX0[3]     ; 4.959 ; 5.042 ; 5.714 ; 5.797 ;
; SW_A[4]    ; HEX0[4]     ; 4.883 ; 4.945 ; 5.638 ; 5.700 ;
; SW_A[4]    ; HEX0[5]     ; 5.175 ; 5.287 ; 5.930 ; 6.042 ;
; SW_A[4]    ; HEX0[6]     ; 5.082 ; 5.230 ; 5.837 ; 5.985 ;
; SW_A[4]    ; HEX1[0]     ; 4.534 ; 4.467 ; 5.351 ; 5.284 ;
; SW_A[4]    ; HEX1[2]     ; 4.478 ; 4.534 ; 5.295 ; 5.351 ;
; SW_A[4]    ; HEX1[3]     ; 4.441 ; 4.513 ; 5.258 ; 5.330 ;
; SW_A[4]    ; HEX1[4]     ; 4.708 ; 4.610 ; 5.563 ; 5.467 ;
; SW_A[4]    ; HEX1[5]     ; 4.515 ; 4.443 ; 5.332 ; 5.260 ;
; SW_A[4]    ; HEX1[6]     ; 4.434 ; 4.576 ; 5.251 ; 5.393 ;
; SW_A[4]    ; LEDR_Cout   ; 5.144 ; 6.308 ; 6.461 ; 6.456 ;
; SW_A[4]    ; LEDR_Y[0]   ; 6.029 ;       ;       ; 7.440 ;
; SW_A[4]    ; LEDR_Y[4]   ; 5.429 ; 6.392 ; 6.488 ; 6.868 ;
; SW_B_in[0] ; HEX0[0]     ; 4.954 ; 5.070 ; 5.864 ; 5.980 ;
; SW_B_in[0] ; HEX0[1]     ; 4.945 ; 5.135 ; 5.855 ; 6.005 ;
; SW_B_in[0] ; HEX0[2]     ; 4.901 ; 4.854 ; 5.771 ; 5.764 ;
; SW_B_in[0] ; HEX0[3]     ; 4.892 ; 4.963 ; 5.802 ; 5.873 ;
; SW_B_in[0] ; HEX0[4]     ; 4.818 ; 4.871 ; 5.728 ; 5.781 ;
; SW_B_in[0] ; HEX0[5]     ; 5.158 ; 5.356 ; 6.068 ; 6.226 ;
; SW_B_in[0] ; HEX0[6]     ; 5.072 ; 5.311 ; 5.982 ; 6.181 ;
; SW_B_in[0] ; HEX1[0]     ; 4.928 ; 4.846 ; 5.791 ; 5.711 ;
; SW_B_in[0] ; HEX1[2]     ; 4.857 ; 4.928 ; 5.722 ; 5.791 ;
; SW_B_in[0] ; HEX1[3]     ; 4.853 ; 4.908 ; 5.716 ; 5.773 ;
; SW_B_in[0] ; HEX1[4]     ; 4.853 ; 4.755 ; 5.716 ; 5.620 ;
; SW_B_in[0] ; HEX1[5]     ; 4.921 ; 4.842 ; 5.784 ; 5.707 ;
; SW_B_in[0] ; HEX1[6]     ; 5.180 ; 5.322 ; 5.947 ; 6.089 ;
; SW_B_in[0] ; LEDR_Cout   ; 5.903 ; 6.503 ; 6.661 ; 7.261 ;
; SW_B_in[0] ; LEDR_Y[0]   ; 5.790 ; 6.612 ; 6.718 ; 7.213 ;
; SW_B_in[0] ; LEDR_Y[1]   ; 5.495 ; 5.860 ; 6.262 ; 6.636 ;
; SW_B_in[0] ; LEDR_Y[2]   ; 6.001 ; 6.524 ; 6.770 ; 7.291 ;
; SW_B_in[0] ; LEDR_Y[3]   ; 5.797 ; 6.359 ; 6.582 ; 7.144 ;
; SW_B_in[0] ; LEDR_Y[4]   ; 6.397 ; 7.100 ; 7.171 ; 7.873 ;
; SW_B_in[1] ; HEX0[0]     ; 5.084 ; 5.250 ; 5.866 ; 6.032 ;
; SW_B_in[1] ; HEX0[1]     ; 5.155 ; 5.258 ; 5.937 ; 6.040 ;
; SW_B_in[1] ; HEX0[2]     ; 5.004 ; 5.202 ; 5.786 ; 5.867 ;
; SW_B_in[1] ; HEX0[3]     ; 5.097 ; 5.180 ; 5.879 ; 5.962 ;
; SW_B_in[1] ; HEX0[4]     ; 5.021 ; 5.083 ; 5.803 ; 5.865 ;
; SW_B_in[1] ; HEX0[5]     ; 5.403 ; 5.661 ; 6.171 ; 6.331 ;
; SW_B_in[1] ; HEX0[6]     ; 5.315 ; 5.425 ; 6.085 ; 6.207 ;
; SW_B_in[1] ; HEX1[0]     ; 4.927 ; 4.860 ; 5.702 ; 5.635 ;
; SW_B_in[1] ; HEX1[2]     ; 4.871 ; 4.927 ; 5.646 ; 5.702 ;
; SW_B_in[1] ; HEX1[3]     ; 4.834 ; 4.906 ; 5.609 ; 5.681 ;
; SW_B_in[1] ; HEX1[4]     ; 5.028 ; 4.930 ; 5.803 ; 5.705 ;
; SW_B_in[1] ; HEX1[5]     ; 4.908 ; 4.836 ; 5.683 ; 5.611 ;
; SW_B_in[1] ; HEX1[6]     ; 4.827 ; 4.969 ; 5.602 ; 5.744 ;
; SW_B_in[1] ; LEDR_Cout   ; 5.815 ; 6.413 ; 6.579 ; 7.179 ;
; SW_B_in[1] ; LEDR_Y[0]   ;       ; 6.672 ; 6.765 ;       ;
; SW_B_in[1] ; LEDR_Y[1]   ; 5.165 ; 5.529 ; 5.947 ; 6.301 ;
; SW_B_in[1] ; LEDR_Y[2]   ; 5.880 ; 6.446 ; 6.656 ; 7.209 ;
; SW_B_in[1] ; LEDR_Y[3]   ; 5.693 ; 6.255 ; 6.460 ; 7.022 ;
; SW_B_in[1] ; LEDR_Y[4]   ; 6.289 ; 6.991 ; 7.060 ; 7.763 ;
; SW_Op[0]   ; HEX0[0]     ; 4.480 ; 4.596 ; 5.275 ; 5.391 ;
; SW_Op[0]   ; HEX0[1]     ; 4.471 ; 4.643 ; 5.266 ; 5.454 ;
; SW_Op[0]   ; HEX0[2]     ; 4.409 ; 4.380 ; 5.220 ; 5.175 ;
; SW_Op[0]   ; HEX0[3]     ; 4.418 ; 4.489 ; 5.213 ; 5.284 ;
; SW_Op[0]   ; HEX0[4]     ; 4.344 ; 4.397 ; 5.139 ; 5.192 ;
; SW_Op[0]   ; HEX0[5]     ; 4.684 ; 4.864 ; 5.479 ; 5.675 ;
; SW_Op[0]   ; HEX0[6]     ; 4.598 ; 4.819 ; 5.393 ; 5.630 ;
; SW_Op[0]   ; HEX1[0]     ; 4.480 ; 4.400 ; 5.257 ; 5.177 ;
; SW_Op[0]   ; HEX1[2]     ; 4.411 ; 4.480 ; 5.188 ; 5.257 ;
; SW_Op[0]   ; HEX1[3]     ; 4.390 ; 4.462 ; 5.164 ; 5.236 ;
; SW_Op[0]   ; HEX1[4]     ; 4.405 ; 4.309 ; 5.182 ; 5.086 ;
; SW_Op[0]   ; HEX1[5]     ; 4.464 ; 4.392 ; 5.238 ; 5.166 ;
; SW_Op[0]   ; HEX1[6]     ; 4.383 ; 4.525 ; 5.157 ; 5.299 ;
; SW_Op[0]   ; LEDR_Cout   ; 5.075 ; 5.626 ; 5.835 ; 6.381 ;
; SW_Op[0]   ; LEDR_Y[0]   ; 5.199 ; 5.742 ; 5.984 ; 6.524 ;
; SW_Op[0]   ; LEDR_Y[1]   ; 4.628 ; 4.937 ; 5.389 ; 5.695 ;
; SW_Op[0]   ; LEDR_Y[2]   ; 5.248 ; 5.735 ; 6.007 ; 6.489 ;
; SW_Op[0]   ; LEDR_Y[3]   ; 5.003 ; 5.475 ; 5.760 ; 6.227 ;
; SW_Op[0]   ; LEDR_Y[4]   ; 5.639 ; 6.225 ; 6.399 ; 6.985 ;
; SW_Op[1]   ; HEX0[0]     ; 4.769 ; 4.885 ; 5.522 ; 5.638 ;
; SW_Op[1]   ; HEX0[1]     ; 4.760 ; 4.950 ; 5.513 ; 5.703 ;
; SW_Op[1]   ; HEX0[2]     ; 4.716 ; 4.669 ; 5.469 ; 5.422 ;
; SW_Op[1]   ; HEX0[3]     ; 4.707 ; 4.778 ; 5.460 ; 5.531 ;
; SW_Op[1]   ; HEX0[4]     ; 4.633 ; 4.686 ; 5.386 ; 5.439 ;
; SW_Op[1]   ; HEX0[5]     ; 4.973 ; 5.171 ; 5.726 ; 5.924 ;
; SW_Op[1]   ; HEX0[6]     ; 4.887 ; 5.126 ; 5.640 ; 5.879 ;
; SW_Op[1]   ; HEX1[0]     ; 4.760 ; 4.684 ; 5.519 ; 5.437 ;
; SW_Op[1]   ; HEX1[2]     ; 4.695 ; 4.760 ; 5.448 ; 5.519 ;
; SW_Op[1]   ; HEX1[3]     ; 4.667 ; 4.739 ; 5.444 ; 5.499 ;
; SW_Op[1]   ; HEX1[4]     ; 4.691 ; 4.593 ; 5.444 ; 5.346 ;
; SW_Op[1]   ; HEX1[5]     ; 4.741 ; 4.669 ; 5.512 ; 5.433 ;
; SW_Op[1]   ; HEX1[6]     ; 4.660 ; 4.802 ; 5.443 ; 5.585 ;
; SW_Op[1]   ; LEDR_Cout   ; 5.211 ; 5.771 ; 5.981 ; 6.538 ;
; SW_Op[1]   ; LEDR_Y[0]   ; 5.665 ; 6.313 ; 6.418 ; 7.065 ;
; SW_Op[1]   ; LEDR_Y[1]   ; 5.105 ; 5.467 ; 5.867 ; 6.221 ;
; SW_Op[1]   ; LEDR_Y[2]   ; 5.338 ; 5.856 ; 6.121 ; 6.593 ;
; SW_Op[1]   ; LEDR_Y[3]   ; 5.175 ; 5.658 ; 5.934 ; 6.414 ;
; SW_Op[1]   ; LEDR_Y[4]   ; 5.793 ; 6.380 ; 6.553 ; 7.140 ;
; SW_Op[2]   ; HEX0[0]     ; 4.912 ; 5.039 ; 5.667 ; 5.794 ;
; SW_Op[2]   ; HEX0[1]     ; 4.910 ; 5.147 ; 5.665 ; 5.889 ;
; SW_Op[2]   ; HEX0[2]     ; 4.759 ; 4.904 ; 5.514 ; 5.608 ;
; SW_Op[2]   ; HEX0[3]     ; 4.849 ; 5.013 ; 5.604 ; 5.717 ;
; SW_Op[2]   ; HEX0[4]     ; 4.773 ; 4.921 ; 5.528 ; 5.625 ;
; SW_Op[2]   ; HEX0[5]     ; 5.019 ; 5.131 ; 5.774 ; 5.886 ;
; SW_Op[2]   ; HEX0[6]     ; 4.926 ; 5.074 ; 5.681 ; 5.829 ;
; SW_Op[2]   ; HEX1[0]     ; 4.740 ; 4.673 ; 5.494 ; 5.427 ;
; SW_Op[2]   ; HEX1[2]     ; 4.684 ; 4.740 ; 5.438 ; 5.494 ;
; SW_Op[2]   ; HEX1[3]     ; 4.647 ; 4.719 ; 5.401 ; 5.473 ;
; SW_Op[2]   ; HEX1[4]     ; 4.865 ; 4.767 ; 5.630 ; 5.532 ;
; SW_Op[2]   ; HEX1[5]     ; 4.721 ; 4.649 ; 5.475 ; 5.403 ;
; SW_Op[2]   ; HEX1[6]     ; 4.640 ; 4.782 ; 5.394 ; 5.536 ;
; SW_Op[2]   ; LEDR_Cout   ; 5.176 ; 5.760 ; 5.934 ; 6.497 ;
; SW_Op[2]   ; LEDR_Y[0]   ; 5.802 ; 6.461 ; 6.567 ; 7.223 ;
; SW_Op[2]   ; LEDR_Y[1]   ; 5.081 ; 5.485 ; 5.879 ; 6.247 ;
; SW_Op[2]   ; LEDR_Y[2]   ; 5.353 ; 5.846 ; 6.108 ; 6.608 ;
; SW_Op[2]   ; LEDR_Y[3]   ; 5.108 ; 5.614 ; 5.863 ; 6.348 ;
; SW_Op[2]   ; LEDR_Y[4]   ; 5.730 ; 6.317 ; 6.503 ; 7.120 ;
+------------+-------------+-------+-------+-------+-------+


----------------------------------------------
; Fast 1100mV 85C Model Metastability Report ;
----------------------------------------------
No synchronizer chains to report.


--------------------------------------
; Fast 1100mV 0C Model Setup Summary ;
--------------------------------------
No paths to report.


-------------------------------------
; Fast 1100mV 0C Model Hold Summary ;
-------------------------------------
No paths to report.


-----------------------------------------
; Fast 1100mV 0C Model Recovery Summary ;
-----------------------------------------
No paths to report.


----------------------------------------
; Fast 1100mV 0C Model Removal Summary ;
----------------------------------------
No paths to report.


----------------------------------------------------
; Fast 1100mV 0C Model Minimum Pulse Width Summary ;
----------------------------------------------------
No paths to report.


+----------------------------------------------------------+
; Propagation Delay                                        ;
+------------+-------------+-------+-------+-------+-------+
; Input Port ; Output Port ; RR    ; RF    ; FR    ; FF    ;
+------------+-------------+-------+-------+-------+-------+
; SW_A[0]    ; HEX0[0]     ; 7.851 ; 8.016 ; 8.643 ; 8.808 ;
; SW_A[0]    ; HEX0[1]     ; 7.855 ; 7.914 ; 8.647 ; 8.706 ;
; SW_A[0]    ; HEX0[2]     ; 7.628 ; 7.693 ; 8.420 ; 8.485 ;
; SW_A[0]    ; HEX0[3]     ; 7.801 ; 7.911 ; 8.593 ; 8.703 ;
; SW_A[0]    ; HEX0[4]     ; 7.630 ; 7.693 ; 8.422 ; 8.485 ;
; SW_A[0]    ; HEX0[5]     ; 7.990 ; 8.114 ; 8.782 ; 8.906 ;
; SW_A[0]    ; HEX0[6]     ; 7.976 ; 8.070 ; 8.768 ; 8.862 ;
; SW_A[0]    ; HEX1[0]     ; 6.936 ; 6.875 ; 7.728 ; 7.667 ;
; SW_A[0]    ; HEX1[2]     ; 6.868 ; 6.918 ; 7.660 ; 7.710 ;
; SW_A[0]    ; HEX1[3]     ; 6.879 ; 6.917 ; 7.671 ; 7.709 ;
; SW_A[0]    ; HEX1[4]     ; 6.839 ; 6.737 ; 7.631 ; 7.529 ;
; SW_A[0]    ; HEX1[5]     ; 6.919 ; 6.860 ; 7.711 ; 7.652 ;
; SW_A[0]    ; HEX1[6]     ; 5.844 ; 6.002 ; 6.636 ; 6.794 ;
; SW_A[0]    ; LEDR_Cout   ; 6.047 ; 6.689 ; 6.836 ; 7.478 ;
; SW_A[0]    ; LEDR_Y[0]   ; 6.261 ; 7.004 ; 7.067 ; 7.826 ;
; SW_A[0]    ; LEDR_Y[1]   ; 5.635 ; 5.974 ; 6.430 ; 6.769 ;
; SW_A[0]    ; LEDR_Y[2]   ; 6.170 ; 6.762 ; 6.967 ; 7.561 ;
; SW_A[0]    ; LEDR_Y[3]   ; 5.995 ; 6.596 ; 6.787 ; 7.388 ;
; SW_A[0]    ; LEDR_Y[4]   ; 6.682 ; 7.433 ; 7.480 ; 8.230 ;
; SW_A[1]    ; HEX0[0]     ; 7.832 ; 7.997 ; 8.637 ; 8.802 ;
; SW_A[1]    ; HEX0[1]     ; 7.836 ; 7.895 ; 8.641 ; 8.700 ;
; SW_A[1]    ; HEX0[2]     ; 7.609 ; 7.674 ; 8.414 ; 8.479 ;
; SW_A[1]    ; HEX0[3]     ; 7.782 ; 7.892 ; 8.587 ; 8.697 ;
; SW_A[1]    ; HEX0[4]     ; 7.611 ; 7.674 ; 8.416 ; 8.479 ;
; SW_A[1]    ; HEX0[5]     ; 7.971 ; 8.095 ; 8.776 ; 8.900 ;
; SW_A[1]    ; HEX0[6]     ; 7.957 ; 8.051 ; 8.762 ; 8.856 ;
; SW_A[1]    ; HEX1[0]     ; 6.917 ; 6.856 ; 7.722 ; 7.661 ;
; SW_A[1]    ; HEX1[2]     ; 6.849 ; 6.899 ; 7.654 ; 7.704 ;
; SW_A[1]    ; HEX1[3]     ; 6.860 ; 6.898 ; 7.665 ; 7.703 ;
; SW_A[1]    ; HEX1[4]     ; 6.820 ; 6.718 ; 7.625 ; 7.523 ;
; SW_A[1]    ; HEX1[5]     ; 6.900 ; 6.841 ; 7.705 ; 7.646 ;
; SW_A[1]    ; HEX1[6]     ; 5.825 ; 5.983 ; 6.630 ; 6.788 ;
; SW_A[1]    ; LEDR_Cout   ; 6.028 ; 6.670 ; 6.860 ; 7.499 ;
; SW_A[1]    ; LEDR_Y[0]   ; 6.036 ;       ;       ; 7.633 ;
; SW_A[1]    ; LEDR_Y[1]   ; 5.554 ; 5.900 ; 6.391 ; 6.742 ;
; SW_A[1]    ; LEDR_Y[2]   ; 6.151 ; 6.743 ; 6.961 ; 7.561 ;
; SW_A[1]    ; LEDR_Y[3]   ; 5.976 ; 6.577 ; 6.781 ; 7.382 ;
; SW_A[1]    ; LEDR_Y[4]   ; 6.663 ; 7.414 ; 7.474 ; 8.224 ;
; SW_A[2]    ; HEX0[0]     ; 7.934 ; 8.099 ; 8.724 ; 8.889 ;
; SW_A[2]    ; HEX0[1]     ; 7.938 ; 7.997 ; 8.728 ; 8.787 ;
; SW_A[2]    ; HEX0[2]     ; 7.711 ; 7.776 ; 8.501 ; 8.566 ;
; SW_A[2]    ; HEX0[3]     ; 7.884 ; 7.994 ; 8.674 ; 8.784 ;
; SW_A[2]    ; HEX0[4]     ; 7.713 ; 7.776 ; 8.503 ; 8.566 ;
; SW_A[2]    ; HEX0[5]     ; 8.073 ; 8.197 ; 8.863 ; 8.987 ;
; SW_A[2]    ; HEX0[6]     ; 8.059 ; 8.153 ; 8.849 ; 8.943 ;
; SW_A[2]    ; HEX1[0]     ; 7.019 ; 6.958 ; 7.809 ; 7.748 ;
; SW_A[2]    ; HEX1[2]     ; 6.951 ; 7.001 ; 7.741 ; 7.791 ;
; SW_A[2]    ; HEX1[3]     ; 6.962 ; 7.000 ; 7.752 ; 7.790 ;
; SW_A[2]    ; HEX1[4]     ; 6.922 ; 6.820 ; 7.712 ; 7.610 ;
; SW_A[2]    ; HEX1[5]     ; 7.002 ; 6.943 ; 7.792 ; 7.733 ;
; SW_A[2]    ; HEX1[6]     ; 5.927 ; 6.085 ; 6.717 ; 6.875 ;
; SW_A[2]    ; LEDR_Cout   ; 6.130 ; 6.772 ; 6.917 ; 7.559 ;
; SW_A[2]    ; LEDR_Y[0]   ; 6.255 ;       ;       ; 7.810 ;
; SW_A[2]    ; LEDR_Y[2]   ; 6.191 ; 6.765 ; 7.011 ; 7.583 ;
; SW_A[2]    ; LEDR_Y[3]   ; 6.078 ; 6.679 ; 6.868 ; 7.469 ;
; SW_A[2]    ; LEDR_Y[4]   ; 6.765 ; 7.516 ; 7.561 ; 8.311 ;
; SW_A[3]    ; HEX0[0]     ; 7.510 ; 7.675 ; 8.279 ; 8.444 ;
; SW_A[3]    ; HEX0[1]     ; 7.514 ; 7.573 ; 8.283 ; 8.342 ;
; SW_A[3]    ; HEX0[2]     ; 7.287 ; 7.352 ; 8.056 ; 8.121 ;
; SW_A[3]    ; HEX0[3]     ; 7.460 ; 7.570 ; 8.229 ; 8.339 ;
; SW_A[3]    ; HEX0[4]     ; 7.289 ; 7.352 ; 8.058 ; 8.121 ;
; SW_A[3]    ; HEX0[5]     ; 7.649 ; 7.773 ; 8.418 ; 8.542 ;
; SW_A[3]    ; HEX0[6]     ; 7.635 ; 7.729 ; 8.404 ; 8.498 ;
; SW_A[3]    ; HEX1[0]     ; 6.690 ; 6.629 ; 7.446 ; 7.385 ;
; SW_A[3]    ; HEX1[2]     ; 6.622 ; 6.672 ; 7.378 ; 7.428 ;
; SW_A[3]    ; HEX1[3]     ; 6.633 ; 6.671 ; 7.389 ; 7.427 ;
; SW_A[3]    ; HEX1[4]     ; 6.593 ; 6.491 ; 7.349 ; 7.247 ;
; SW_A[3]    ; HEX1[5]     ; 6.673 ; 6.614 ; 7.429 ; 7.370 ;
; SW_A[3]    ; HEX1[6]     ; 5.598 ; 5.756 ; 6.354 ; 6.512 ;
; SW_A[3]    ; LEDR_Cout   ; 5.841 ; 6.483 ; 6.589 ; 7.231 ;
; SW_A[3]    ; LEDR_Y[0]   ; 5.897 ;       ;       ; 7.445 ;
; SW_A[3]    ; LEDR_Y[3]   ; 5.608 ; 6.255 ; 6.379 ; 7.024 ;
; SW_A[3]    ; LEDR_Y[4]   ; 6.476 ; 7.227 ; 7.233 ; 7.983 ;
; SW_A[4]    ; HEX0[0]     ; 7.330 ; 7.495 ; 8.148 ; 8.313 ;
; SW_A[4]    ; HEX0[1]     ; 7.334 ; 7.393 ; 8.152 ; 8.211 ;
; SW_A[4]    ; HEX0[2]     ; 7.107 ; 7.172 ; 7.925 ; 7.990 ;
; SW_A[4]    ; HEX0[3]     ; 7.280 ; 7.390 ; 8.098 ; 8.208 ;
; SW_A[4]    ; HEX0[4]     ; 7.109 ; 7.172 ; 7.927 ; 7.990 ;
; SW_A[4]    ; HEX0[5]     ; 7.469 ; 7.593 ; 8.287 ; 8.411 ;
; SW_A[4]    ; HEX0[6]     ; 7.455 ; 7.549 ; 8.273 ; 8.367 ;
; SW_A[4]    ; HEX1[0]     ; 6.676 ; 6.615 ; 7.494 ; 7.433 ;
; SW_A[4]    ; HEX1[2]     ; 6.608 ; 6.658 ; 7.426 ; 7.476 ;
; SW_A[4]    ; HEX1[3]     ; 6.619 ; 6.657 ; 7.437 ; 7.475 ;
; SW_A[4]    ; HEX1[4]     ; 6.579 ; 6.477 ; 7.397 ; 7.295 ;
; SW_A[4]    ; HEX1[5]     ; 6.659 ; 6.600 ; 7.477 ; 7.418 ;
; SW_A[4]    ; HEX1[6]     ; 5.584 ; 5.742 ; 6.402 ; 6.560 ;
; SW_A[4]    ; LEDR_Cout   ; 5.950 ; 6.592 ; 6.768 ; 7.407 ;
; SW_A[4]    ; LEDR_Y[0]   ; 6.139 ;       ;       ; 7.707 ;
; SW_A[4]    ; LEDR_Y[4]   ; 6.428 ; 7.213 ; 7.230 ; 8.031 ;
; SW_B_in[0] ; HEX0[0]     ; 7.958 ; 8.123 ; 8.763 ; 8.928 ;
; SW_B_in[0] ; HEX0[1]     ; 7.962 ; 8.021 ; 8.767 ; 8.826 ;
; SW_B_in[0] ; HEX0[2]     ; 7.735 ; 7.800 ; 8.540 ; 8.605 ;
; SW_B_in[0] ; HEX0[3]     ; 7.908 ; 8.018 ; 8.713 ; 8.823 ;
; SW_B_in[0] ; HEX0[4]     ; 7.737 ; 7.800 ; 8.542 ; 8.605 ;
; SW_B_in[0] ; HEX0[5]     ; 8.097 ; 8.221 ; 8.902 ; 9.026 ;
; SW_B_in[0] ; HEX0[6]     ; 8.083 ; 8.177 ; 8.888 ; 8.982 ;
; SW_B_in[0] ; HEX1[0]     ; 7.043 ; 6.982 ; 7.848 ; 7.787 ;
; SW_B_in[0] ; HEX1[2]     ; 6.975 ; 7.025 ; 7.780 ; 7.830 ;
; SW_B_in[0] ; HEX1[3]     ; 6.986 ; 7.024 ; 7.791 ; 7.829 ;
; SW_B_in[0] ; HEX1[4]     ; 6.946 ; 6.844 ; 7.751 ; 7.649 ;
; SW_B_in[0] ; HEX1[5]     ; 7.026 ; 6.967 ; 7.831 ; 7.772 ;
; SW_B_in[0] ; HEX1[6]     ; 5.951 ; 6.109 ; 6.756 ; 6.914 ;
; SW_B_in[0] ; LEDR_Cout   ; 6.154 ; 6.796 ; 6.956 ; 7.598 ;
; SW_B_in[0] ; LEDR_Y[0]   ; 6.459 ; 7.149 ; 7.297 ; 7.985 ;
; SW_B_in[0] ; LEDR_Y[1]   ; 5.742 ; 6.081 ; 6.550 ; 6.889 ;
; SW_B_in[0] ; LEDR_Y[2]   ; 6.277 ; 6.869 ; 7.087 ; 7.681 ;
; SW_B_in[0] ; LEDR_Y[3]   ; 6.102 ; 6.703 ; 6.907 ; 7.508 ;
; SW_B_in[0] ; LEDR_Y[4]   ; 6.789 ; 7.540 ; 7.600 ; 8.350 ;
; SW_B_in[1] ; HEX0[0]     ; 7.855 ; 8.020 ; 8.660 ; 8.825 ;
; SW_B_in[1] ; HEX0[1]     ; 7.859 ; 7.918 ; 8.664 ; 8.723 ;
; SW_B_in[1] ; HEX0[2]     ; 7.632 ; 7.697 ; 8.437 ; 8.502 ;
; SW_B_in[1] ; HEX0[3]     ; 7.805 ; 7.915 ; 8.610 ; 8.720 ;
; SW_B_in[1] ; HEX0[4]     ; 7.634 ; 7.697 ; 8.439 ; 8.502 ;
; SW_B_in[1] ; HEX0[5]     ; 7.994 ; 8.118 ; 8.799 ; 8.923 ;
; SW_B_in[1] ; HEX0[6]     ; 7.980 ; 8.074 ; 8.785 ; 8.879 ;
; SW_B_in[1] ; HEX1[0]     ; 6.940 ; 6.879 ; 7.745 ; 7.684 ;
; SW_B_in[1] ; HEX1[2]     ; 6.872 ; 6.922 ; 7.677 ; 7.727 ;
; SW_B_in[1] ; HEX1[3]     ; 6.883 ; 6.921 ; 7.688 ; 7.726 ;
; SW_B_in[1] ; HEX1[4]     ; 6.843 ; 6.741 ; 7.648 ; 7.546 ;
; SW_B_in[1] ; HEX1[5]     ; 6.923 ; 6.864 ; 7.728 ; 7.669 ;
; SW_B_in[1] ; HEX1[6]     ; 5.848 ; 6.006 ; 6.653 ; 6.811 ;
; SW_B_in[1] ; LEDR_Cout   ; 6.051 ; 6.693 ; 6.863 ; 7.502 ;
; SW_B_in[1] ; LEDR_Y[0]   ;       ; 6.880 ; 6.956 ;       ;
; SW_B_in[1] ; LEDR_Y[1]   ; 5.458 ; 5.857 ; 6.286 ; 6.703 ;
; SW_B_in[1] ; LEDR_Y[2]   ; 6.174 ; 6.766 ; 6.984 ; 7.578 ;
; SW_B_in[1] ; LEDR_Y[3]   ; 5.999 ; 6.600 ; 6.804 ; 7.405 ;
; SW_B_in[1] ; LEDR_Y[4]   ; 6.686 ; 7.437 ; 7.497 ; 8.247 ;
; SW_Op[0]   ; HEX0[0]     ; 6.850 ; 7.015 ; 7.677 ; 7.842 ;
; SW_Op[0]   ; HEX0[1]     ; 6.854 ; 6.913 ; 7.681 ; 7.740 ;
; SW_Op[0]   ; HEX0[2]     ; 6.627 ; 6.692 ; 7.454 ; 7.519 ;
; SW_Op[0]   ; HEX0[3]     ; 6.800 ; 6.910 ; 7.627 ; 7.737 ;
; SW_Op[0]   ; HEX0[4]     ; 6.629 ; 6.692 ; 7.456 ; 7.519 ;
; SW_Op[0]   ; HEX0[5]     ; 6.989 ; 7.113 ; 7.816 ; 7.940 ;
; SW_Op[0]   ; HEX0[6]     ; 6.975 ; 7.069 ; 7.802 ; 7.896 ;
; SW_Op[0]   ; HEX1[0]     ; 5.957 ; 5.896 ; 6.775 ; 6.714 ;
; SW_Op[0]   ; HEX1[2]     ; 5.889 ; 5.939 ; 6.707 ; 6.757 ;
; SW_Op[0]   ; HEX1[3]     ; 5.900 ; 5.938 ; 6.718 ; 6.756 ;
; SW_Op[0]   ; HEX1[4]     ; 5.860 ; 5.758 ; 6.678 ; 6.576 ;
; SW_Op[0]   ; HEX1[5]     ; 5.940 ; 5.881 ; 6.758 ; 6.699 ;
; SW_Op[0]   ; HEX1[6]     ; 4.865 ; 5.023 ; 5.683 ; 5.841 ;
; SW_Op[0]   ; LEDR_Cout   ; 5.115 ; 5.711 ; 5.943 ; 6.530 ;
; SW_Op[0]   ; LEDR_Y[0]   ; 5.231 ; 5.795 ; 6.109 ; 6.668 ;
; SW_Op[0]   ; LEDR_Y[1]   ; 4.559 ; 4.880 ; 5.388 ; 5.703 ;
; SW_Op[0]   ; LEDR_Y[2]   ; 5.363 ; 5.880 ; 6.181 ; 6.698 ;
; SW_Op[0]   ; LEDR_Y[3]   ; 5.253 ; 5.766 ; 6.071 ; 6.584 ;
; SW_Op[0]   ; LEDR_Y[4]   ; 5.812 ; 6.492 ; 6.630 ; 7.310 ;
; SW_Op[1]   ; HEX0[0]     ; 7.078 ; 7.243 ; 7.923 ; 8.088 ;
; SW_Op[1]   ; HEX0[1]     ; 7.082 ; 7.141 ; 7.927 ; 7.986 ;
; SW_Op[1]   ; HEX0[2]     ; 6.855 ; 6.920 ; 7.700 ; 7.765 ;
; SW_Op[1]   ; HEX0[3]     ; 7.028 ; 7.138 ; 7.873 ; 7.983 ;
; SW_Op[1]   ; HEX0[4]     ; 6.857 ; 6.920 ; 7.702 ; 7.765 ;
; SW_Op[1]   ; HEX0[5]     ; 7.217 ; 7.341 ; 8.062 ; 8.186 ;
; SW_Op[1]   ; HEX0[6]     ; 7.203 ; 7.297 ; 8.048 ; 8.142 ;
; SW_Op[1]   ; HEX1[0]     ; 6.345 ; 6.284 ; 7.175 ; 7.114 ;
; SW_Op[1]   ; HEX1[2]     ; 6.277 ; 6.327 ; 7.107 ; 7.157 ;
; SW_Op[1]   ; HEX1[3]     ; 6.288 ; 6.326 ; 7.118 ; 7.156 ;
; SW_Op[1]   ; HEX1[4]     ; 6.248 ; 6.146 ; 7.078 ; 6.976 ;
; SW_Op[1]   ; HEX1[5]     ; 6.328 ; 6.269 ; 7.158 ; 7.099 ;
; SW_Op[1]   ; HEX1[6]     ; 5.253 ; 5.411 ; 6.083 ; 6.241 ;
; SW_Op[1]   ; LEDR_Cout   ; 5.292 ; 5.929 ; 6.116 ; 6.750 ;
; SW_Op[1]   ; LEDR_Y[0]   ; 5.915 ; 6.650 ; 6.747 ; 7.478 ;
; SW_Op[1]   ; LEDR_Y[1]   ; 5.134 ; 5.547 ; 5.948 ; 6.392 ;
; SW_Op[1]   ; LEDR_Y[2]   ; 5.576 ; 6.093 ; 6.406 ; 6.923 ;
; SW_Op[1]   ; LEDR_Y[3]   ; 5.466 ; 5.979 ; 6.296 ; 6.809 ;
; SW_Op[1]   ; LEDR_Y[4]   ; 6.082 ; 6.717 ; 6.912 ; 7.547 ;
; SW_Op[2]   ; HEX0[0]     ; 7.069 ; 7.234 ; 7.897 ; 8.062 ;
; SW_Op[2]   ; HEX0[1]     ; 7.073 ; 7.132 ; 7.901 ; 7.960 ;
; SW_Op[2]   ; HEX0[2]     ; 6.846 ; 6.911 ; 7.674 ; 7.739 ;
; SW_Op[2]   ; HEX0[3]     ; 7.019 ; 7.129 ; 7.847 ; 7.957 ;
; SW_Op[2]   ; HEX0[4]     ; 6.848 ; 6.911 ; 7.676 ; 7.739 ;
; SW_Op[2]   ; HEX0[5]     ; 7.208 ; 7.332 ; 8.036 ; 8.160 ;
; SW_Op[2]   ; HEX0[6]     ; 7.194 ; 7.288 ; 8.022 ; 8.116 ;
; SW_Op[2]   ; HEX1[0]     ; 6.310 ; 6.249 ; 7.137 ; 7.076 ;
; SW_Op[2]   ; HEX1[2]     ; 6.242 ; 6.292 ; 7.069 ; 7.119 ;
; SW_Op[2]   ; HEX1[3]     ; 6.253 ; 6.291 ; 7.080 ; 7.118 ;
; SW_Op[2]   ; HEX1[4]     ; 6.213 ; 6.111 ; 7.040 ; 6.938 ;
; SW_Op[2]   ; HEX1[5]     ; 6.293 ; 6.234 ; 7.120 ; 7.061 ;
; SW_Op[2]   ; HEX1[6]     ; 5.218 ; 5.376 ; 6.045 ; 6.203 ;
; SW_Op[2]   ; LEDR_Cout   ; 5.250 ; 5.859 ; 6.069 ; 6.663 ;
; SW_Op[2]   ; LEDR_Y[0]   ; 5.935 ; 6.680 ; 6.818 ; 7.503 ;
; SW_Op[2]   ; LEDR_Y[1]   ; 5.158 ; 5.544 ; 5.990 ; 6.393 ;
; SW_Op[2]   ; LEDR_Y[2]   ; 5.469 ; 5.999 ; 6.323 ; 6.839 ;
; SW_Op[2]   ; LEDR_Y[3]   ; 5.359 ; 5.874 ; 6.213 ; 6.725 ;
; SW_Op[2]   ; LEDR_Y[4]   ; 6.047 ; 6.682 ; 6.874 ; 7.509 ;
+------------+-------------+-------+-------+-------+-------+


+----------------------------------------------------------+
; Minimum Propagation Delay                                ;
+------------+-------------+-------+-------+-------+-------+
; Input Port ; Output Port ; RR    ; RF    ; FR    ; FF    ;
+------------+-------------+-------+-------+-------+-------+
; SW_A[0]    ; HEX0[0]     ; 4.541 ; 4.641 ; 5.428 ; 5.528 ;
; SW_A[0]    ; HEX0[1]     ; 4.545 ; 4.709 ; 5.432 ; 5.554 ;
; SW_A[0]    ; HEX0[2]     ; 4.499 ; 4.452 ; 5.344 ; 5.339 ;
; SW_A[0]    ; HEX0[3]     ; 4.500 ; 4.558 ; 5.387 ; 5.445 ;
; SW_A[0]    ; HEX0[4]     ; 4.417 ; 4.458 ; 5.304 ; 5.345 ;
; SW_A[0]    ; HEX0[5]     ; 4.719 ; 4.900 ; 5.606 ; 5.745 ;
; SW_A[0]    ; HEX0[6]     ; 4.663 ; 4.871 ; 5.550 ; 5.716 ;
; SW_A[0]    ; HEX1[0]     ; 4.447 ; 4.395 ; 5.294 ; 5.242 ;
; SW_A[0]    ; HEX1[2]     ; 4.390 ; 4.432 ; 5.237 ; 5.279 ;
; SW_A[0]    ; HEX1[3]     ; 4.372 ; 4.424 ; 5.219 ; 5.271 ;
; SW_A[0]    ; HEX1[4]     ; 4.494 ; 4.405 ; 5.311 ; 5.222 ;
; SW_A[0]    ; HEX1[5]     ; 4.414 ; 4.361 ; 5.261 ; 5.208 ;
; SW_A[0]    ; HEX1[6]     ; 4.355 ; 4.474 ; 5.202 ; 5.321 ;
; SW_A[0]    ; LEDR_Cout   ; 5.457 ; 5.974 ; 6.242 ; 6.759 ;
; SW_A[0]    ; LEDR_Y[0]   ; 5.376 ; 5.964 ; 6.192 ; 6.743 ;
; SW_A[0]    ; LEDR_Y[1]   ; 4.622 ; 5.351 ; 5.816 ; 5.730 ;
; SW_A[0]    ; LEDR_Y[2]   ; 5.537 ; 5.988 ; 6.328 ; 6.777 ;
; SW_A[0]    ; LEDR_Y[3]   ; 5.343 ; 5.827 ; 6.121 ; 6.605 ;
; SW_A[0]    ; LEDR_Y[4]   ; 5.948 ; 6.558 ; 6.735 ; 7.347 ;
; SW_A[1]    ; HEX0[0]     ; 4.648 ; 4.798 ; 5.462 ; 5.612 ;
; SW_A[1]    ; HEX0[1]     ; 4.741 ; 4.830 ; 5.555 ; 5.644 ;
; SW_A[1]    ; HEX0[2]     ; 4.600 ; 4.660 ; 5.414 ; 5.487 ;
; SW_A[1]    ; HEX0[3]     ; 4.691 ; 4.758 ; 5.505 ; 5.572 ;
; SW_A[1]    ; HEX0[4]     ; 4.605 ; 4.653 ; 5.419 ; 5.467 ;
; SW_A[1]    ; HEX0[5]     ; 4.934 ; 5.073 ; 5.767 ; 5.917 ;
; SW_A[1]    ; HEX0[6]     ; 4.878 ; 4.984 ; 5.709 ; 5.798 ;
; SW_A[1]    ; HEX1[0]     ; 4.458 ; 4.406 ; 5.331 ; 5.279 ;
; SW_A[1]    ; HEX1[2]     ; 4.401 ; 4.443 ; 5.274 ; 5.316 ;
; SW_A[1]    ; HEX1[3]     ; 4.383 ; 4.435 ; 5.256 ; 5.308 ;
; SW_A[1]    ; HEX1[4]     ; 4.604 ; 4.515 ; 5.418 ; 5.329 ;
; SW_A[1]    ; HEX1[5]     ; 4.425 ; 4.372 ; 5.298 ; 5.245 ;
; SW_A[1]    ; HEX1[6]     ; 4.366 ; 4.485 ; 5.239 ; 5.358 ;
; SW_A[1]    ; LEDR_Cout   ; 5.414 ; 5.927 ; 6.225 ; 6.738 ;
; SW_A[1]    ; LEDR_Y[0]   ; 5.520 ;       ;       ; 6.930 ;
; SW_A[1]    ; LEDR_Y[1]   ; 4.688 ; 5.014 ; 5.502 ; 5.824 ;
; SW_A[1]    ; LEDR_Y[2]   ; 4.986 ; 5.937 ; 6.258 ; 6.225 ;
; SW_A[1]    ; LEDR_Y[3]   ; 5.249 ; 5.733 ; 6.059 ; 6.543 ;
; SW_A[1]    ; LEDR_Y[4]   ; 5.854 ; 6.464 ; 6.664 ; 7.274 ;
; SW_A[2]    ; HEX0[0]     ; 4.660 ; 4.769 ; 5.477 ; 5.609 ;
; SW_A[2]    ; HEX0[1]     ; 4.672 ; 4.814 ; 5.529 ; 5.637 ;
; SW_A[2]    ; HEX0[2]     ; 4.432 ; 4.486 ; 5.309 ; 5.348 ;
; SW_A[2]    ; HEX0[3]     ; 4.619 ; 4.744 ; 5.476 ; 5.567 ;
; SW_A[2]    ; HEX0[4]     ; 4.437 ; 4.487 ; 5.314 ; 5.348 ;
; SW_A[2]    ; HEX0[5]     ; 4.741 ; 4.849 ; 5.598 ; 5.706 ;
; SW_A[2]    ; HEX0[6]     ; 4.680 ; 4.809 ; 5.537 ; 5.666 ;
; SW_A[2]    ; HEX1[0]     ; 4.278 ; 4.226 ; 5.110 ; 5.058 ;
; SW_A[2]    ; HEX1[2]     ; 4.221 ; 4.263 ; 5.053 ; 5.095 ;
; SW_A[2]    ; HEX1[3]     ; 4.203 ; 4.255 ; 5.035 ; 5.087 ;
; SW_A[2]    ; HEX1[4]     ; 4.598 ; 4.511 ; 5.430 ; 5.343 ;
; SW_A[2]    ; HEX1[5]     ; 4.245 ; 4.192 ; 5.077 ; 5.024 ;
; SW_A[2]    ; HEX1[6]     ; 4.186 ; 4.305 ; 5.018 ; 5.137 ;
; SW_A[2]    ; LEDR_Cout   ; 5.501 ; 6.014 ; 6.299 ; 6.812 ;
; SW_A[2]    ; LEDR_Y[0]   ; 5.701 ;       ;       ; 7.116 ;
; SW_A[2]    ; LEDR_Y[2]   ; 4.665 ; 5.490 ; 5.875 ; 5.880 ;
; SW_A[2]    ; LEDR_Y[3]   ; 4.824 ; 5.803 ; 6.113 ; 6.037 ;
; SW_A[2]    ; LEDR_Y[4]   ; 5.951 ; 6.563 ; 6.738 ; 7.348 ;
; SW_A[3]    ; HEX0[0]     ; 4.390 ; 4.499 ; 5.206 ; 5.315 ;
; SW_A[3]    ; HEX0[1]     ; 4.402 ; 4.619 ; 5.218 ; 5.433 ;
; SW_A[3]    ; HEX0[2]     ; 4.261 ; 4.441 ; 5.077 ; 5.255 ;
; SW_A[3]    ; HEX0[3]     ; 4.349 ; 4.545 ; 5.165 ; 5.359 ;
; SW_A[3]    ; HEX0[4]     ; 4.263 ; 4.440 ; 5.079 ; 5.254 ;
; SW_A[3]    ; HEX0[5]     ; 4.471 ; 4.579 ; 5.287 ; 5.395 ;
; SW_A[3]    ; HEX0[6]     ; 4.410 ; 4.539 ; 5.226 ; 5.355 ;
; SW_A[3]    ; HEX1[0]     ; 4.105 ; 4.053 ; 4.946 ; 4.894 ;
; SW_A[3]    ; HEX1[2]     ; 4.048 ; 4.090 ; 4.889 ; 4.931 ;
; SW_A[3]    ; HEX1[3]     ; 4.030 ; 4.082 ; 4.871 ; 4.923 ;
; SW_A[3]    ; HEX1[4]     ; 4.161 ; 4.072 ; 5.013 ; 4.924 ;
; SW_A[3]    ; HEX1[5]     ; 4.072 ; 4.019 ; 4.913 ; 4.860 ;
; SW_A[3]    ; HEX1[6]     ; 4.013 ; 4.132 ; 4.854 ; 4.973 ;
; SW_A[3]    ; LEDR_Cout   ; 5.261 ; 5.774 ; 6.034 ; 6.551 ;
; SW_A[3]    ; LEDR_Y[0]   ; 5.393 ;       ;       ; 6.778 ;
; SW_A[3]    ; LEDR_Y[3]   ; 4.554 ; 5.075 ; 5.455 ; 5.775 ;
; SW_A[3]    ; LEDR_Y[4]   ; 5.350 ; 6.279 ; 6.449 ; 6.723 ;
; SW_A[4]    ; HEX0[0]     ; 4.624 ; 4.756 ; 5.430 ; 5.562 ;
; SW_A[4]    ; HEX0[1]     ; 4.717 ; 4.804 ; 5.523 ; 5.610 ;
; SW_A[4]    ; HEX0[2]     ; 4.576 ; 4.626 ; 5.382 ; 5.432 ;
; SW_A[4]    ; HEX0[3]     ; 4.667 ; 4.732 ; 5.473 ; 5.538 ;
; SW_A[4]    ; HEX0[4]     ; 4.581 ; 4.627 ; 5.387 ; 5.433 ;
; SW_A[4]    ; HEX0[5]     ; 4.827 ; 4.935 ; 5.633 ; 5.741 ;
; SW_A[4]    ; HEX0[6]     ; 4.766 ; 4.895 ; 5.572 ; 5.701 ;
; SW_A[4]    ; HEX1[0]     ; 4.249 ; 4.197 ; 5.104 ; 5.052 ;
; SW_A[4]    ; HEX1[2]     ; 4.192 ; 4.234 ; 5.047 ; 5.089 ;
; SW_A[4]    ; HEX1[3]     ; 4.174 ; 4.226 ; 5.029 ; 5.081 ;
; SW_A[4]    ; HEX1[4]     ; 4.387 ; 4.298 ; 5.270 ; 5.183 ;
; SW_A[4]    ; HEX1[5]     ; 4.216 ; 4.163 ; 5.071 ; 5.018 ;
; SW_A[4]    ; HEX1[6]     ; 4.157 ; 4.276 ; 5.012 ; 5.131 ;
; SW_A[4]    ; LEDR_Cout   ; 4.799 ; 5.859 ; 6.143 ; 6.077 ;
; SW_A[4]    ; LEDR_Y[0]   ; 5.619 ;       ;       ; 6.994 ;
; SW_A[4]    ; LEDR_Y[4]   ; 5.085 ; 5.943 ; 6.171 ; 6.474 ;
; SW_B_in[0] ; HEX0[0]     ; 4.610 ; 4.710 ; 5.543 ; 5.643 ;
; SW_B_in[0] ; HEX0[1]     ; 4.614 ; 4.775 ; 5.547 ; 5.672 ;
; SW_B_in[0] ; HEX0[2]     ; 4.565 ; 4.521 ; 5.462 ; 5.454 ;
; SW_B_in[0] ; HEX0[3]     ; 4.569 ; 4.627 ; 5.502 ; 5.560 ;
; SW_B_in[0] ; HEX0[4]     ; 4.486 ; 4.527 ; 5.419 ; 5.460 ;
; SW_B_in[0] ; HEX0[5]     ; 4.788 ; 4.966 ; 5.721 ; 5.863 ;
; SW_B_in[0] ; HEX0[6]     ; 4.732 ; 4.937 ; 5.665 ; 5.834 ;
; SW_B_in[0] ; HEX1[0]     ; 4.611 ; 4.548 ; 5.510 ; 5.449 ;
; SW_B_in[0] ; HEX1[2]     ; 4.543 ; 4.596 ; 5.444 ; 5.495 ;
; SW_B_in[0] ; HEX1[3]     ; 4.551 ; 4.592 ; 5.450 ; 5.493 ;
; SW_B_in[0] ; HEX1[4]     ; 4.532 ; 4.443 ; 5.431 ; 5.344 ;
; SW_B_in[0] ; HEX1[5]     ; 4.590 ; 4.530 ; 5.489 ; 5.431 ;
; SW_B_in[0] ; HEX1[6]     ; 4.859 ; 4.978 ; 5.671 ; 5.790 ;
; SW_B_in[0] ; LEDR_Cout   ; 5.536 ; 6.053 ; 6.348 ; 6.865 ;
; SW_B_in[0] ; LEDR_Y[0]   ; 5.413 ; 6.134 ; 6.363 ; 6.796 ;
; SW_B_in[0] ; LEDR_Y[1]   ; 5.088 ; 5.416 ; 5.900 ; 6.235 ;
; SW_B_in[0] ; LEDR_Y[2]   ; 5.610 ; 6.067 ; 6.434 ; 6.883 ;
; SW_B_in[0] ; LEDR_Y[3]   ; 5.393 ; 5.877 ; 6.227 ; 6.711 ;
; SW_B_in[0] ; LEDR_Y[4]   ; 6.007 ; 6.619 ; 6.832 ; 7.442 ;
; SW_B_in[1] ; HEX0[0]     ; 4.740 ; 4.890 ; 5.564 ; 5.714 ;
; SW_B_in[1] ; HEX0[1]     ; 4.833 ; 4.922 ; 5.657 ; 5.746 ;
; SW_B_in[1] ; HEX0[2]     ; 4.692 ; 4.864 ; 5.516 ; 5.571 ;
; SW_B_in[1] ; HEX0[3]     ; 4.783 ; 4.850 ; 5.607 ; 5.674 ;
; SW_B_in[1] ; HEX0[4]     ; 4.697 ; 4.745 ; 5.521 ; 5.569 ;
; SW_B_in[1] ; HEX0[5]     ; 5.045 ; 5.278 ; 5.838 ; 5.977 ;
; SW_B_in[1] ; HEX0[6]     ; 4.987 ; 5.076 ; 5.782 ; 5.900 ;
; SW_B_in[1] ; HEX1[0]     ; 4.612 ; 4.560 ; 5.429 ; 5.377 ;
; SW_B_in[1] ; HEX1[2]     ; 4.555 ; 4.597 ; 5.372 ; 5.414 ;
; SW_B_in[1] ; HEX1[3]     ; 4.537 ; 4.589 ; 5.354 ; 5.406 ;
; SW_B_in[1] ; HEX1[4]     ; 4.699 ; 4.610 ; 5.516 ; 5.427 ;
; SW_B_in[1] ; HEX1[5]     ; 4.579 ; 4.526 ; 5.396 ; 5.343 ;
; SW_B_in[1] ; HEX1[6]     ; 4.520 ; 4.639 ; 5.337 ; 5.456 ;
; SW_B_in[1] ; LEDR_Cout   ; 5.463 ; 5.977 ; 6.270 ; 6.787 ;
; SW_B_in[1] ; LEDR_Y[0]   ;       ; 6.209 ; 6.424 ;       ;
; SW_B_in[1] ; LEDR_Y[1]   ; 4.780 ; 5.109 ; 5.604 ; 5.923 ;
; SW_B_in[1] ; LEDR_Y[2]   ; 5.493 ; 5.994 ; 6.312 ; 6.798 ;
; SW_B_in[1] ; LEDR_Y[3]   ; 5.300 ; 5.784 ; 6.110 ; 6.594 ;
; SW_B_in[1] ; LEDR_Y[4]   ; 5.906 ; 6.516 ; 6.724 ; 7.336 ;
; SW_Op[0]   ; HEX0[0]     ; 4.160 ; 4.260 ; 4.993 ; 5.093 ;
; SW_Op[0]   ; HEX0[1]     ; 4.164 ; 4.306 ; 4.997 ; 5.158 ;
; SW_Op[0]   ; HEX0[2]     ; 4.096 ; 4.071 ; 4.948 ; 4.904 ;
; SW_Op[0]   ; HEX0[3]     ; 4.119 ; 4.177 ; 4.952 ; 5.010 ;
; SW_Op[0]   ; HEX0[4]     ; 4.036 ; 4.077 ; 4.869 ; 4.910 ;
; SW_Op[0]   ; HEX0[5]     ; 4.338 ; 4.497 ; 5.171 ; 5.349 ;
; SW_Op[0]   ; HEX0[6]     ; 4.282 ; 4.468 ; 5.115 ; 5.320 ;
; SW_Op[0]   ; HEX1[0]     ; 4.191 ; 4.129 ; 5.008 ; 4.945 ;
; SW_Op[0]   ; HEX1[2]     ; 4.124 ; 4.176 ; 4.940 ; 4.993 ;
; SW_Op[0]   ; HEX1[3]     ; 4.120 ; 4.172 ; 4.935 ; 4.987 ;
; SW_Op[0]   ; HEX1[4]     ; 4.112 ; 4.024 ; 4.929 ; 4.840 ;
; SW_Op[0]   ; HEX1[5]     ; 4.162 ; 4.109 ; 4.977 ; 4.924 ;
; SW_Op[0]   ; HEX1[6]     ; 4.103 ; 4.222 ; 4.918 ; 5.037 ;
; SW_Op[0]   ; LEDR_Cout   ; 4.729 ; 5.202 ; 5.534 ; 6.001 ;
; SW_Op[0]   ; LEDR_Y[0]   ; 4.842 ; 5.316 ; 5.673 ; 6.143 ;
; SW_Op[0]   ; LEDR_Y[1]   ; 4.253 ; 4.532 ; 5.060 ; 5.335 ;
; SW_Op[0]   ; LEDR_Y[2]   ; 4.881 ; 5.301 ; 5.685 ; 6.098 ;
; SW_Op[0]   ; LEDR_Y[3]   ; 4.624 ; 5.032 ; 5.428 ; 5.830 ;
; SW_Op[0]   ; LEDR_Y[4]   ; 5.275 ; 5.778 ; 6.080 ; 6.583 ;
; SW_Op[1]   ; HEX0[0]     ; 4.420 ; 4.520 ; 5.220 ; 5.320 ;
; SW_Op[1]   ; HEX0[1]     ; 4.424 ; 4.588 ; 5.224 ; 5.388 ;
; SW_Op[1]   ; HEX0[2]     ; 4.378 ; 4.331 ; 5.178 ; 5.131 ;
; SW_Op[1]   ; HEX0[3]     ; 4.379 ; 4.437 ; 5.179 ; 5.237 ;
; SW_Op[1]   ; HEX0[4]     ; 4.296 ; 4.337 ; 5.096 ; 5.137 ;
; SW_Op[1]   ; HEX0[5]     ; 4.598 ; 4.779 ; 5.398 ; 5.579 ;
; SW_Op[1]   ; HEX0[6]     ; 4.542 ; 4.750 ; 5.342 ; 5.550 ;
; SW_Op[1]   ; HEX1[0]     ; 4.443 ; 4.389 ; 5.252 ; 5.189 ;
; SW_Op[1]   ; HEX1[2]     ; 4.384 ; 4.428 ; 5.184 ; 5.237 ;
; SW_Op[1]   ; HEX1[3]     ; 4.368 ; 4.420 ; 5.192 ; 5.233 ;
; SW_Op[1]   ; HEX1[4]     ; 4.373 ; 4.284 ; 5.173 ; 5.084 ;
; SW_Op[1]   ; HEX1[5]     ; 4.410 ; 4.357 ; 5.231 ; 5.171 ;
; SW_Op[1]   ; HEX1[6]     ; 4.351 ; 4.470 ; 5.178 ; 5.297 ;
; SW_Op[1]   ; LEDR_Cout   ; 4.859 ; 5.347 ; 5.680 ; 6.142 ;
; SW_Op[1]   ; LEDR_Y[0]   ; 5.291 ; 5.857 ; 6.091 ; 6.655 ;
; SW_Op[1]   ; LEDR_Y[1]   ; 4.707 ; 5.039 ; 5.519 ; 5.832 ;
; SW_Op[1]   ; LEDR_Y[2]   ; 4.971 ; 5.422 ; 5.798 ; 6.202 ;
; SW_Op[1]   ; LEDR_Y[3]   ; 4.800 ; 5.217 ; 5.601 ; 6.016 ;
; SW_Op[1]   ; LEDR_Y[4]   ; 5.426 ; 5.932 ; 6.228 ; 6.734 ;
; SW_Op[2]   ; HEX0[0]     ; 4.568 ; 4.677 ; 5.367 ; 5.476 ;
; SW_Op[2]   ; HEX0[1]     ; 4.580 ; 4.798 ; 5.379 ; 5.577 ;
; SW_Op[2]   ; HEX0[2]     ; 4.439 ; 4.583 ; 5.238 ; 5.320 ;
; SW_Op[2]   ; HEX0[3]     ; 4.527 ; 4.689 ; 5.326 ; 5.426 ;
; SW_Op[2]   ; HEX0[4]     ; 4.441 ; 4.589 ; 5.240 ; 5.326 ;
; SW_Op[2]   ; HEX0[5]     ; 4.649 ; 4.757 ; 5.448 ; 5.556 ;
; SW_Op[2]   ; HEX0[6]     ; 4.588 ; 4.717 ; 5.387 ; 5.516 ;
; SW_Op[2]   ; HEX1[0]     ; 4.429 ; 4.377 ; 5.227 ; 5.175 ;
; SW_Op[2]   ; HEX1[2]     ; 4.372 ; 4.414 ; 5.170 ; 5.212 ;
; SW_Op[2]   ; HEX1[3]     ; 4.354 ; 4.406 ; 5.152 ; 5.204 ;
; SW_Op[2]   ; HEX1[4]     ; 4.555 ; 4.466 ; 5.362 ; 5.273 ;
; SW_Op[2]   ; HEX1[5]     ; 4.396 ; 4.343 ; 5.194 ; 5.141 ;
; SW_Op[2]   ; HEX1[6]     ; 4.337 ; 4.456 ; 5.135 ; 5.254 ;
; SW_Op[2]   ; LEDR_Cout   ; 4.833 ; 5.339 ; 5.633 ; 6.116 ;
; SW_Op[2]   ; LEDR_Y[0]   ; 5.436 ; 6.012 ; 6.244 ; 6.816 ;
; SW_Op[2]   ; LEDR_Y[1]   ; 4.688 ; 5.063 ; 5.524 ; 5.860 ;
; SW_Op[2]   ; LEDR_Y[2]   ; 4.988 ; 5.418 ; 5.787 ; 6.217 ;
; SW_Op[2]   ; LEDR_Y[3]   ; 4.732 ; 5.173 ; 5.531 ; 5.950 ;
; SW_Op[2]   ; LEDR_Y[4]   ; 5.363 ; 5.869 ; 6.187 ; 6.706 ;
+------------+-------------+-------+-------+-------+-------+


---------------------------------------------
; Fast 1100mV 0C Model Metastability Report ;
---------------------------------------------
No synchronizer chains to report.


+----------------------------------------------------------------------------+
; Multicorner Timing Analysis Summary                                        ;
+------------------+-------+------+----------+---------+---------------------+
; Clock            ; Setup ; Hold ; Recovery ; Removal ; Minimum Pulse Width ;
+------------------+-------+------+----------+---------+---------------------+
; Worst-case Slack ; N/A   ; N/A  ; N/A      ; N/A     ; N/A                 ;
; Design-wide TNS  ; 0.0   ; 0.0  ; 0.0      ; 0.0     ; 0.0                 ;
+------------------+-------+------+----------+---------+---------------------+


+--------------------------------------------------------------+
; Propagation Delay                                            ;
+------------+-------------+--------+--------+--------+--------+
; Input Port ; Output Port ; RR     ; RF     ; FR     ; FF     ;
+------------+-------------+--------+--------+--------+--------+
; SW_A[0]    ; HEX0[0]     ; 17.066 ; 17.336 ; 17.428 ; 17.698 ;
; SW_A[0]    ; HEX0[1]     ; 17.105 ; 17.267 ; 17.467 ; 17.629 ;
; SW_A[0]    ; HEX0[2]     ; 16.796 ; 16.776 ; 17.158 ; 17.138 ;
; SW_A[0]    ; HEX0[3]     ; 16.996 ; 17.186 ; 17.358 ; 17.548 ;
; SW_A[0]    ; HEX0[4]     ; 16.784 ; 16.756 ; 17.146 ; 17.118 ;
; SW_A[0]    ; HEX0[5]     ; 17.501 ; 17.524 ; 17.863 ; 17.886 ;
; SW_A[0]    ; HEX0[6]     ; 17.344 ; 17.411 ; 17.706 ; 17.773 ;
; SW_A[0]    ; HEX1[0]     ; 15.377 ; 15.393 ; 15.745 ; 15.761 ;
; SW_A[0]    ; HEX1[2]     ; 15.384 ; 15.344 ; 15.752 ; 15.712 ;
; SW_A[0]    ; HEX1[3]     ; 15.354 ; 15.405 ; 15.722 ; 15.773 ;
; SW_A[0]    ; HEX1[4]     ; 14.983 ; 14.909 ; 15.351 ; 15.277 ;
; SW_A[0]    ; HEX1[5]     ; 15.352 ; 15.380 ; 15.720 ; 15.748 ;
; SW_A[0]    ; HEX1[6]     ; 12.146 ; 12.352 ; 12.502 ; 12.694 ;
; SW_A[0]    ; LEDR_Cout   ; 12.131 ; 12.859 ; 12.422 ; 13.150 ;
; SW_A[0]    ; LEDR_Y[0]   ; 12.764 ; 13.708 ; 13.068 ; 14.051 ;
; SW_A[0]    ; LEDR_Y[1]   ; 11.783 ; 12.024 ; 12.082 ; 12.323 ;
; SW_A[0]    ; LEDR_Y[2]   ; 12.747 ; 13.439 ; 13.055 ; 13.778 ;
; SW_A[0]    ; LEDR_Y[3]   ; 12.186 ; 12.841 ; 12.481 ; 13.136 ;
; SW_A[0]    ; LEDR_Y[4]   ; 13.750 ; 14.604 ; 14.063 ; 14.911 ;
; SW_A[1]    ; HEX0[0]     ; 17.128 ; 17.398 ; 17.470 ; 17.740 ;
; SW_A[1]    ; HEX0[1]     ; 17.167 ; 17.329 ; 17.509 ; 17.671 ;
; SW_A[1]    ; HEX0[2]     ; 16.858 ; 16.838 ; 17.200 ; 17.180 ;
; SW_A[1]    ; HEX0[3]     ; 17.058 ; 17.248 ; 17.400 ; 17.590 ;
; SW_A[1]    ; HEX0[4]     ; 16.846 ; 16.818 ; 17.188 ; 17.160 ;
; SW_A[1]    ; HEX0[5]     ; 17.563 ; 17.586 ; 17.905 ; 17.928 ;
; SW_A[1]    ; HEX0[6]     ; 17.406 ; 17.473 ; 17.748 ; 17.815 ;
; SW_A[1]    ; HEX1[0]     ; 15.439 ; 15.455 ; 15.787 ; 15.803 ;
; SW_A[1]    ; HEX1[2]     ; 15.446 ; 15.406 ; 15.794 ; 15.754 ;
; SW_A[1]    ; HEX1[3]     ; 15.416 ; 15.467 ; 15.764 ; 15.815 ;
; SW_A[1]    ; HEX1[4]     ; 15.045 ; 14.971 ; 15.393 ; 15.319 ;
; SW_A[1]    ; HEX1[5]     ; 15.414 ; 15.442 ; 15.762 ; 15.790 ;
; SW_A[1]    ; HEX1[6]     ; 12.196 ; 12.390 ; 12.544 ; 12.736 ;
; SW_A[1]    ; LEDR_Cout   ; 12.169 ; 12.897 ; 12.466 ; 13.209 ;
; SW_A[1]    ; LEDR_Y[0]   ; 12.147 ;        ;        ; 13.504 ;
; SW_A[1]    ; LEDR_Y[1]   ; 11.937 ; 12.136 ; 12.313 ; 12.512 ;
; SW_A[1]    ; LEDR_Y[2]   ; 12.785 ; 13.477 ; 13.093 ; 13.820 ;
; SW_A[1]    ; LEDR_Y[3]   ; 12.224 ; 12.879 ; 12.519 ; 13.174 ;
; SW_A[1]    ; LEDR_Y[4]   ; 13.788 ; 14.642 ; 14.101 ; 14.953 ;
; SW_A[2]    ; HEX0[0]     ; 17.145 ; 17.415 ; 17.530 ; 17.800 ;
; SW_A[2]    ; HEX0[1]     ; 17.184 ; 17.346 ; 17.569 ; 17.731 ;
; SW_A[2]    ; HEX0[2]     ; 16.875 ; 16.855 ; 17.260 ; 17.240 ;
; SW_A[2]    ; HEX0[3]     ; 17.075 ; 17.265 ; 17.460 ; 17.650 ;
; SW_A[2]    ; HEX0[4]     ; 16.863 ; 16.835 ; 17.248 ; 17.220 ;
; SW_A[2]    ; HEX0[5]     ; 17.580 ; 17.603 ; 17.965 ; 17.988 ;
; SW_A[2]    ; HEX0[6]     ; 17.423 ; 17.490 ; 17.808 ; 17.875 ;
; SW_A[2]    ; HEX1[0]     ; 15.621 ; 15.637 ; 15.943 ; 15.959 ;
; SW_A[2]    ; HEX1[2]     ; 15.628 ; 15.588 ; 15.950 ; 15.910 ;
; SW_A[2]    ; HEX1[3]     ; 15.598 ; 15.649 ; 15.920 ; 15.971 ;
; SW_A[2]    ; HEX1[4]     ; 15.227 ; 15.153 ; 15.549 ; 15.475 ;
; SW_A[2]    ; HEX1[5]     ; 15.596 ; 15.624 ; 15.918 ; 15.946 ;
; SW_A[2]    ; HEX1[6]     ; 12.378 ; 12.570 ; 12.700 ; 12.892 ;
; SW_A[2]    ; LEDR_Cout   ; 12.339 ; 13.067 ; 12.610 ; 13.338 ;
; SW_A[2]    ; LEDR_Y[0]   ; 12.571 ;        ;        ; 13.833 ;
; SW_A[2]    ; LEDR_Y[2]   ; 12.803 ; 13.452 ; 13.155 ; 13.807 ;
; SW_A[2]    ; LEDR_Y[3]   ; 12.394 ; 13.049 ; 12.669 ; 13.324 ;
; SW_A[2]    ; LEDR_Y[4]   ; 13.958 ; 14.812 ; 14.251 ; 15.109 ;
; SW_A[3]    ; HEX0[0]     ; 16.259 ; 16.529 ; 16.570 ; 16.840 ;
; SW_A[3]    ; HEX0[1]     ; 16.298 ; 16.460 ; 16.609 ; 16.771 ;
; SW_A[3]    ; HEX0[2]     ; 15.989 ; 15.969 ; 16.300 ; 16.280 ;
; SW_A[3]    ; HEX0[3]     ; 16.189 ; 16.379 ; 16.500 ; 16.690 ;
; SW_A[3]    ; HEX0[4]     ; 15.977 ; 15.949 ; 16.288 ; 16.260 ;
; SW_A[3]    ; HEX0[5]     ; 16.694 ; 16.717 ; 17.005 ; 17.028 ;
; SW_A[3]    ; HEX0[6]     ; 16.537 ; 16.604 ; 16.848 ; 16.915 ;
; SW_A[3]    ; HEX1[0]     ; 14.937 ; 14.953 ; 15.250 ; 15.266 ;
; SW_A[3]    ; HEX1[2]     ; 14.944 ; 14.904 ; 15.257 ; 15.217 ;
; SW_A[3]    ; HEX1[3]     ; 14.914 ; 14.965 ; 15.227 ; 15.278 ;
; SW_A[3]    ; HEX1[4]     ; 14.543 ; 14.469 ; 14.856 ; 14.782 ;
; SW_A[3]    ; HEX1[5]     ; 14.912 ; 14.940 ; 15.225 ; 15.253 ;
; SW_A[3]    ; HEX1[6]     ; 11.718 ; 11.924 ; 12.007 ; 12.201 ;
; SW_A[3]    ; LEDR_Cout   ; 11.703 ; 12.431 ; 11.958 ; 12.686 ;
; SW_A[3]    ; LEDR_Y[0]   ; 11.769 ;        ;        ; 13.073 ;
; SW_A[3]    ; LEDR_Y[3]   ; 11.537 ; 12.304 ; 11.829 ; 12.581 ;
; SW_A[3]    ; LEDR_Y[4]   ; 13.322 ; 14.176 ; 13.599 ; 14.443 ;
; SW_A[4]    ; HEX0[0]     ; 15.735 ; 16.005 ; 16.156 ; 16.426 ;
; SW_A[4]    ; HEX0[1]     ; 15.774 ; 15.936 ; 16.195 ; 16.357 ;
; SW_A[4]    ; HEX0[2]     ; 15.465 ; 15.445 ; 15.886 ; 15.866 ;
; SW_A[4]    ; HEX0[3]     ; 15.665 ; 15.855 ; 16.086 ; 16.276 ;
; SW_A[4]    ; HEX0[4]     ; 15.453 ; 15.425 ; 15.874 ; 15.846 ;
; SW_A[4]    ; HEX0[5]     ; 16.170 ; 16.193 ; 16.591 ; 16.614 ;
; SW_A[4]    ; HEX0[6]     ; 16.013 ; 16.080 ; 16.434 ; 16.501 ;
; SW_A[4]    ; HEX1[0]     ; 14.830 ; 14.846 ; 15.251 ; 15.267 ;
; SW_A[4]    ; HEX1[2]     ; 14.837 ; 14.797 ; 15.258 ; 15.218 ;
; SW_A[4]    ; HEX1[3]     ; 14.807 ; 14.858 ; 15.228 ; 15.279 ;
; SW_A[4]    ; HEX1[4]     ; 14.436 ; 14.362 ; 14.857 ; 14.783 ;
; SW_A[4]    ; HEX1[5]     ; 14.805 ; 14.833 ; 15.226 ; 15.254 ;
; SW_A[4]    ; HEX1[6]     ; 11.644 ; 11.850 ; 12.010 ; 12.216 ;
; SW_A[4]    ; LEDR_Cout   ; 11.953 ; 12.678 ; 12.325 ; 13.038 ;
; SW_A[4]    ; LEDR_Y[0]   ; 12.306 ;        ;        ; 13.734 ;
; SW_A[4]    ; LEDR_Y[4]   ; 13.152 ; 14.121 ; 13.479 ; 14.487 ;
; SW_B_in[0] ; HEX0[0]     ; 17.242 ; 17.512 ; 17.591 ; 17.861 ;
; SW_B_in[0] ; HEX0[1]     ; 17.281 ; 17.443 ; 17.630 ; 17.792 ;
; SW_B_in[0] ; HEX0[2]     ; 16.972 ; 16.952 ; 17.321 ; 17.301 ;
; SW_B_in[0] ; HEX0[3]     ; 17.172 ; 17.362 ; 17.521 ; 17.711 ;
; SW_B_in[0] ; HEX0[4]     ; 16.960 ; 16.932 ; 17.309 ; 17.281 ;
; SW_B_in[0] ; HEX0[5]     ; 17.677 ; 17.700 ; 18.026 ; 18.049 ;
; SW_B_in[0] ; HEX0[6]     ; 17.520 ; 17.587 ; 17.869 ; 17.936 ;
; SW_B_in[0] ; HEX1[0]     ; 15.553 ; 15.569 ; 15.908 ; 15.924 ;
; SW_B_in[0] ; HEX1[2]     ; 15.560 ; 15.520 ; 15.915 ; 15.875 ;
; SW_B_in[0] ; HEX1[3]     ; 15.530 ; 15.581 ; 15.885 ; 15.936 ;
; SW_B_in[0] ; HEX1[4]     ; 15.159 ; 15.085 ; 15.514 ; 15.440 ;
; SW_B_in[0] ; HEX1[5]     ; 15.528 ; 15.556 ; 15.883 ; 15.911 ;
; SW_B_in[0] ; HEX1[6]     ; 12.310 ; 12.511 ; 12.665 ; 12.857 ;
; SW_B_in[0] ; LEDR_Cout   ; 12.290 ; 13.018 ; 12.590 ; 13.318 ;
; SW_B_in[0] ; LEDR_Y[0]   ; 13.179 ; 13.954 ; 13.564 ; 14.330 ;
; SW_B_in[0] ; LEDR_Y[1]   ; 11.942 ; 12.183 ; 12.250 ; 12.491 ;
; SW_B_in[0] ; LEDR_Y[2]   ; 12.906 ; 13.598 ; 13.223 ; 13.941 ;
; SW_B_in[0] ; LEDR_Y[3]   ; 12.345 ; 13.000 ; 12.649 ; 13.304 ;
; SW_B_in[0] ; LEDR_Y[4]   ; 13.909 ; 14.763 ; 14.231 ; 15.075 ;
; SW_B_in[1] ; HEX0[0]     ; 16.976 ; 17.246 ; 17.373 ; 17.643 ;
; SW_B_in[1] ; HEX0[1]     ; 17.015 ; 17.177 ; 17.412 ; 17.574 ;
; SW_B_in[1] ; HEX0[2]     ; 16.706 ; 16.686 ; 17.103 ; 17.083 ;
; SW_B_in[1] ; HEX0[3]     ; 16.906 ; 17.096 ; 17.303 ; 17.493 ;
; SW_B_in[1] ; HEX0[4]     ; 16.694 ; 16.666 ; 17.091 ; 17.063 ;
; SW_B_in[1] ; HEX0[5]     ; 17.411 ; 17.434 ; 17.808 ; 17.831 ;
; SW_B_in[1] ; HEX0[6]     ; 17.254 ; 17.321 ; 17.651 ; 17.718 ;
; SW_B_in[1] ; HEX1[0]     ; 15.287 ; 15.303 ; 15.690 ; 15.706 ;
; SW_B_in[1] ; HEX1[2]     ; 15.294 ; 15.254 ; 15.697 ; 15.657 ;
; SW_B_in[1] ; HEX1[3]     ; 15.264 ; 15.315 ; 15.667 ; 15.718 ;
; SW_B_in[1] ; HEX1[4]     ; 14.893 ; 14.819 ; 15.296 ; 15.222 ;
; SW_B_in[1] ; HEX1[5]     ; 15.262 ; 15.290 ; 15.665 ; 15.693 ;
; SW_B_in[1] ; HEX1[6]     ; 12.070 ; 12.276 ; 12.447 ; 12.639 ;
; SW_B_in[1] ; LEDR_Cout   ; 12.055 ; 12.783 ; 12.389 ; 13.117 ;
; SW_B_in[1] ; LEDR_Y[0]   ;        ; 13.205 ; 12.615 ;        ;
; SW_B_in[1] ; LEDR_Y[1]   ; 11.487 ; 11.840 ; 11.862 ; 12.200 ;
; SW_B_in[1] ; LEDR_Y[2]   ; 12.671 ; 13.363 ; 13.022 ; 13.725 ;
; SW_B_in[1] ; LEDR_Y[3]   ; 12.110 ; 12.765 ; 12.448 ; 13.103 ;
; SW_B_in[1] ; LEDR_Y[4]   ; 13.674 ; 14.528 ; 14.030 ; 14.874 ;
; SW_Op[0]   ; HEX0[0]     ; 14.539 ; 14.809 ; 14.955 ; 15.225 ;
; SW_Op[0]   ; HEX0[1]     ; 14.578 ; 14.740 ; 14.994 ; 15.156 ;
; SW_Op[0]   ; HEX0[2]     ; 14.269 ; 14.249 ; 14.685 ; 14.665 ;
; SW_Op[0]   ; HEX0[3]     ; 14.469 ; 14.659 ; 14.885 ; 15.075 ;
; SW_Op[0]   ; HEX0[4]     ; 14.257 ; 14.229 ; 14.673 ; 14.645 ;
; SW_Op[0]   ; HEX0[5]     ; 14.974 ; 14.997 ; 15.390 ; 15.413 ;
; SW_Op[0]   ; HEX0[6]     ; 14.817 ; 14.884 ; 15.233 ; 15.300 ;
; SW_Op[0]   ; HEX1[0]     ; 12.810 ; 12.826 ; 13.223 ; 13.239 ;
; SW_Op[0]   ; HEX1[2]     ; 12.817 ; 12.777 ; 13.230 ; 13.190 ;
; SW_Op[0]   ; HEX1[3]     ; 12.787 ; 12.838 ; 13.200 ; 13.251 ;
; SW_Op[0]   ; HEX1[4]     ; 12.423 ; 12.355 ; 12.829 ; 12.755 ;
; SW_Op[0]   ; HEX1[5]     ; 12.785 ; 12.813 ; 13.198 ; 13.226 ;
; SW_Op[0]   ; HEX1[6]     ; 9.782  ; 9.988  ; 10.148 ; 10.354 ;
; SW_Op[0]   ; LEDR_Cout   ; 9.941  ; 10.683 ; 10.312 ; 11.028 ;
; SW_Op[0]   ; LEDR_Y[0]   ; 10.251 ; 10.906 ; 10.696 ; 11.330 ;
; SW_Op[0]   ; LEDR_Y[1]   ; 9.195  ; 9.517  ; 9.560  ; 9.861  ;
; SW_Op[0]   ; LEDR_Y[2]   ; 10.606 ; 11.235 ; 10.971 ; 11.600 ;
; SW_Op[0]   ; LEDR_Y[3]   ; 10.529 ; 11.135 ; 10.894 ; 11.500 ;
; SW_Op[0]   ; LEDR_Y[4]   ; 11.386 ; 12.240 ; 11.752 ; 12.579 ;
; SW_Op[1]   ; HEX0[0]     ; 15.069 ; 15.339 ; 15.448 ; 15.718 ;
; SW_Op[1]   ; HEX0[1]     ; 15.108 ; 15.270 ; 15.487 ; 15.649 ;
; SW_Op[1]   ; HEX0[2]     ; 14.799 ; 14.779 ; 15.178 ; 15.158 ;
; SW_Op[1]   ; HEX0[3]     ; 14.999 ; 15.189 ; 15.378 ; 15.568 ;
; SW_Op[1]   ; HEX0[4]     ; 14.787 ; 14.759 ; 15.166 ; 15.138 ;
; SW_Op[1]   ; HEX0[5]     ; 15.504 ; 15.527 ; 15.883 ; 15.906 ;
; SW_Op[1]   ; HEX0[6]     ; 15.347 ; 15.414 ; 15.726 ; 15.793 ;
; SW_Op[1]   ; HEX1[0]     ; 13.628 ; 13.644 ; 14.022 ; 14.038 ;
; SW_Op[1]   ; HEX1[2]     ; 13.635 ; 13.595 ; 14.029 ; 13.989 ;
; SW_Op[1]   ; HEX1[3]     ; 13.605 ; 13.656 ; 13.999 ; 14.050 ;
; SW_Op[1]   ; HEX1[4]     ; 13.234 ; 13.160 ; 13.628 ; 13.554 ;
; SW_Op[1]   ; HEX1[5]     ; 13.603 ; 13.631 ; 13.997 ; 14.025 ;
; SW_Op[1]   ; HEX1[6]     ; 10.540 ; 10.746 ; 10.898 ; 11.104 ;
; SW_Op[1]   ; LEDR_Cout   ; 10.301 ; 11.116 ; 10.706 ; 11.474 ;
; SW_Op[1]   ; LEDR_Y[0]   ; 11.805 ; 12.657 ; 12.177 ; 13.018 ;
; SW_Op[1]   ; LEDR_Y[1]   ; 10.621 ; 11.021 ; 10.989 ; 11.411 ;
; SW_Op[1]   ; LEDR_Y[2]   ; 11.096 ; 11.725 ; 11.443 ; 12.072 ;
; SW_Op[1]   ; LEDR_Y[3]   ; 11.019 ; 11.625 ; 11.366 ; 11.972 ;
; SW_Op[1]   ; LEDR_Y[4]   ; 11.911 ; 12.743 ; 12.254 ; 13.098 ;
; SW_Op[2]   ; HEX0[0]     ; 14.873 ; 15.143 ; 15.279 ; 15.549 ;
; SW_Op[2]   ; HEX0[1]     ; 14.912 ; 15.074 ; 15.318 ; 15.480 ;
; SW_Op[2]   ; HEX0[2]     ; 14.603 ; 14.583 ; 15.009 ; 14.989 ;
; SW_Op[2]   ; HEX0[3]     ; 14.803 ; 14.993 ; 15.209 ; 15.399 ;
; SW_Op[2]   ; HEX0[4]     ; 14.591 ; 14.563 ; 14.997 ; 14.969 ;
; SW_Op[2]   ; HEX0[5]     ; 15.308 ; 15.331 ; 15.714 ; 15.737 ;
; SW_Op[2]   ; HEX0[6]     ; 15.151 ; 15.218 ; 15.557 ; 15.624 ;
; SW_Op[2]   ; HEX1[0]     ; 13.449 ; 13.465 ; 13.852 ; 13.868 ;
; SW_Op[2]   ; HEX1[2]     ; 13.456 ; 13.416 ; 13.859 ; 13.819 ;
; SW_Op[2]   ; HEX1[3]     ; 13.426 ; 13.477 ; 13.829 ; 13.880 ;
; SW_Op[2]   ; HEX1[4]     ; 13.055 ; 12.981 ; 13.458 ; 13.384 ;
; SW_Op[2]   ; HEX1[5]     ; 13.424 ; 13.452 ; 13.827 ; 13.855 ;
; SW_Op[2]   ; HEX1[6]     ; 10.389 ; 10.595 ; 10.808 ; 11.014 ;
; SW_Op[2]   ; LEDR_Cout   ; 10.173 ; 10.956 ; 10.510 ; 11.248 ;
; SW_Op[2]   ; LEDR_Y[0]   ; 11.856 ; 12.729 ; 12.360 ; 13.072 ;
; SW_Op[2]   ; LEDR_Y[1]   ; 10.666 ; 11.035 ; 11.054 ; 11.430 ;
; SW_Op[2]   ; LEDR_Y[2]   ; 10.799 ; 11.425 ; 11.327 ; 11.943 ;
; SW_Op[2]   ; LEDR_Y[3]   ; 10.721 ; 11.326 ; 11.250 ; 11.843 ;
; SW_Op[2]   ; LEDR_Y[4]   ; 11.657 ; 12.498 ; 12.076 ; 12.881 ;
+------------+-------------+--------+--------+--------+--------+


+----------------------------------------------------------+
; Minimum Propagation Delay                                ;
+------------+-------------+-------+-------+-------+-------+
; Input Port ; Output Port ; RR    ; RF    ; FR    ; FF    ;
+------------+-------------+-------+-------+-------+-------+
; SW_A[0]    ; HEX0[0]     ; 4.541 ; 4.641 ; 5.428 ; 5.528 ;
; SW_A[0]    ; HEX0[1]     ; 4.545 ; 4.709 ; 5.432 ; 5.554 ;
; SW_A[0]    ; HEX0[2]     ; 4.499 ; 4.452 ; 5.344 ; 5.339 ;
; SW_A[0]    ; HEX0[3]     ; 4.500 ; 4.558 ; 5.387 ; 5.445 ;
; SW_A[0]    ; HEX0[4]     ; 4.417 ; 4.458 ; 5.304 ; 5.345 ;
; SW_A[0]    ; HEX0[5]     ; 4.719 ; 4.900 ; 5.606 ; 5.745 ;
; SW_A[0]    ; HEX0[6]     ; 4.663 ; 4.871 ; 5.550 ; 5.716 ;
; SW_A[0]    ; HEX1[0]     ; 4.447 ; 4.395 ; 5.294 ; 5.242 ;
; SW_A[0]    ; HEX1[2]     ; 4.390 ; 4.432 ; 5.237 ; 5.279 ;
; SW_A[0]    ; HEX1[3]     ; 4.372 ; 4.424 ; 5.219 ; 5.271 ;
; SW_A[0]    ; HEX1[4]     ; 4.494 ; 4.405 ; 5.311 ; 5.222 ;
; SW_A[0]    ; HEX1[5]     ; 4.414 ; 4.361 ; 5.261 ; 5.208 ;
; SW_A[0]    ; HEX1[6]     ; 4.355 ; 4.474 ; 5.202 ; 5.321 ;
; SW_A[0]    ; LEDR_Cout   ; 5.457 ; 5.974 ; 6.242 ; 6.759 ;
; SW_A[0]    ; LEDR_Y[0]   ; 5.376 ; 5.964 ; 6.192 ; 6.743 ;
; SW_A[0]    ; LEDR_Y[1]   ; 4.622 ; 5.351 ; 5.816 ; 5.730 ;
; SW_A[0]    ; LEDR_Y[2]   ; 5.537 ; 5.988 ; 6.328 ; 6.777 ;
; SW_A[0]    ; LEDR_Y[3]   ; 5.343 ; 5.827 ; 6.121 ; 6.605 ;
; SW_A[0]    ; LEDR_Y[4]   ; 5.948 ; 6.558 ; 6.735 ; 7.347 ;
; SW_A[1]    ; HEX0[0]     ; 4.648 ; 4.798 ; 5.462 ; 5.612 ;
; SW_A[1]    ; HEX0[1]     ; 4.741 ; 4.830 ; 5.555 ; 5.644 ;
; SW_A[1]    ; HEX0[2]     ; 4.600 ; 4.660 ; 5.414 ; 5.487 ;
; SW_A[1]    ; HEX0[3]     ; 4.691 ; 4.758 ; 5.505 ; 5.572 ;
; SW_A[1]    ; HEX0[4]     ; 4.605 ; 4.653 ; 5.419 ; 5.467 ;
; SW_A[1]    ; HEX0[5]     ; 4.934 ; 5.073 ; 5.767 ; 5.917 ;
; SW_A[1]    ; HEX0[6]     ; 4.878 ; 4.984 ; 5.709 ; 5.798 ;
; SW_A[1]    ; HEX1[0]     ; 4.458 ; 4.406 ; 5.331 ; 5.279 ;
; SW_A[1]    ; HEX1[2]     ; 4.401 ; 4.443 ; 5.274 ; 5.316 ;
; SW_A[1]    ; HEX1[3]     ; 4.383 ; 4.435 ; 5.256 ; 5.308 ;
; SW_A[1]    ; HEX1[4]     ; 4.604 ; 4.515 ; 5.418 ; 5.329 ;
; SW_A[1]    ; HEX1[5]     ; 4.425 ; 4.372 ; 5.298 ; 5.245 ;
; SW_A[1]    ; HEX1[6]     ; 4.366 ; 4.485 ; 5.239 ; 5.358 ;
; SW_A[1]    ; LEDR_Cout   ; 5.414 ; 5.927 ; 6.225 ; 6.738 ;
; SW_A[1]    ; LEDR_Y[0]   ; 5.520 ;       ;       ; 6.930 ;
; SW_A[1]    ; LEDR_Y[1]   ; 4.688 ; 5.014 ; 5.502 ; 5.824 ;
; SW_A[1]    ; LEDR_Y[2]   ; 4.986 ; 5.937 ; 6.258 ; 6.225 ;
; SW_A[1]    ; LEDR_Y[3]   ; 5.249 ; 5.733 ; 6.059 ; 6.543 ;
; SW_A[1]    ; LEDR_Y[4]   ; 5.854 ; 6.464 ; 6.664 ; 7.274 ;
; SW_A[2]    ; HEX0[0]     ; 4.660 ; 4.769 ; 5.477 ; 5.609 ;
; SW_A[2]    ; HEX0[1]     ; 4.672 ; 4.814 ; 5.529 ; 5.637 ;
; SW_A[2]    ; HEX0[2]     ; 4.432 ; 4.486 ; 5.309 ; 5.348 ;
; SW_A[2]    ; HEX0[3]     ; 4.619 ; 4.744 ; 5.476 ; 5.567 ;
; SW_A[2]    ; HEX0[4]     ; 4.437 ; 4.487 ; 5.314 ; 5.348 ;
; SW_A[2]    ; HEX0[5]     ; 4.741 ; 4.849 ; 5.598 ; 5.706 ;
; SW_A[2]    ; HEX0[6]     ; 4.680 ; 4.809 ; 5.537 ; 5.666 ;
; SW_A[2]    ; HEX1[0]     ; 4.278 ; 4.226 ; 5.110 ; 5.058 ;
; SW_A[2]    ; HEX1[2]     ; 4.221 ; 4.263 ; 5.053 ; 5.095 ;
; SW_A[2]    ; HEX1[3]     ; 4.203 ; 4.255 ; 5.035 ; 5.087 ;
; SW_A[2]    ; HEX1[4]     ; 4.598 ; 4.511 ; 5.430 ; 5.343 ;
; SW_A[2]    ; HEX1[5]     ; 4.245 ; 4.192 ; 5.077 ; 5.024 ;
; SW_A[2]    ; HEX1[6]     ; 4.186 ; 4.305 ; 5.018 ; 5.137 ;
; SW_A[2]    ; LEDR_Cout   ; 5.501 ; 6.014 ; 6.299 ; 6.812 ;
; SW_A[2]    ; LEDR_Y[0]   ; 5.701 ;       ;       ; 7.116 ;
; SW_A[2]    ; LEDR_Y[2]   ; 4.665 ; 5.490 ; 5.875 ; 5.880 ;
; SW_A[2]    ; LEDR_Y[3]   ; 4.824 ; 5.803 ; 6.113 ; 6.037 ;
; SW_A[2]    ; LEDR_Y[4]   ; 5.951 ; 6.563 ; 6.738 ; 7.348 ;
; SW_A[3]    ; HEX0[0]     ; 4.390 ; 4.499 ; 5.206 ; 5.315 ;
; SW_A[3]    ; HEX0[1]     ; 4.402 ; 4.619 ; 5.218 ; 5.433 ;
; SW_A[3]    ; HEX0[2]     ; 4.261 ; 4.441 ; 5.077 ; 5.255 ;
; SW_A[3]    ; HEX0[3]     ; 4.349 ; 4.545 ; 5.165 ; 5.359 ;
; SW_A[3]    ; HEX0[4]     ; 4.263 ; 4.440 ; 5.079 ; 5.254 ;
; SW_A[3]    ; HEX0[5]     ; 4.471 ; 4.579 ; 5.287 ; 5.395 ;
; SW_A[3]    ; HEX0[6]     ; 4.410 ; 4.539 ; 5.226 ; 5.355 ;
; SW_A[3]    ; HEX1[0]     ; 4.105 ; 4.053 ; 4.946 ; 4.894 ;
; SW_A[3]    ; HEX1[2]     ; 4.048 ; 4.090 ; 4.889 ; 4.931 ;
; SW_A[3]    ; HEX1[3]     ; 4.030 ; 4.082 ; 4.871 ; 4.923 ;
; SW_A[3]    ; HEX1[4]     ; 4.161 ; 4.072 ; 5.013 ; 4.924 ;
; SW_A[3]    ; HEX1[5]     ; 4.072 ; 4.019 ; 4.913 ; 4.860 ;
; SW_A[3]    ; HEX1[6]     ; 4.013 ; 4.132 ; 4.854 ; 4.973 ;
; SW_A[3]    ; LEDR_Cout   ; 5.261 ; 5.774 ; 6.034 ; 6.551 ;
; SW_A[3]    ; LEDR_Y[0]   ; 5.393 ;       ;       ; 6.778 ;
; SW_A[3]    ; LEDR_Y[3]   ; 4.554 ; 5.075 ; 5.455 ; 5.775 ;
; SW_A[3]    ; LEDR_Y[4]   ; 5.350 ; 6.279 ; 6.449 ; 6.723 ;
; SW_A[4]    ; HEX0[0]     ; 4.624 ; 4.756 ; 5.430 ; 5.562 ;
; SW_A[4]    ; HEX0[1]     ; 4.717 ; 4.804 ; 5.523 ; 5.610 ;
; SW_A[4]    ; HEX0[2]     ; 4.576 ; 4.626 ; 5.382 ; 5.432 ;
; SW_A[4]    ; HEX0[3]     ; 4.667 ; 4.732 ; 5.473 ; 5.538 ;
; SW_A[4]    ; HEX0[4]     ; 4.581 ; 4.627 ; 5.387 ; 5.433 ;
; SW_A[4]    ; HEX0[5]     ; 4.827 ; 4.935 ; 5.633 ; 5.741 ;
; SW_A[4]    ; HEX0[6]     ; 4.766 ; 4.895 ; 5.572 ; 5.701 ;
; SW_A[4]    ; HEX1[0]     ; 4.249 ; 4.197 ; 5.104 ; 5.052 ;
; SW_A[4]    ; HEX1[2]     ; 4.192 ; 4.234 ; 5.047 ; 5.089 ;
; SW_A[4]    ; HEX1[3]     ; 4.174 ; 4.226 ; 5.029 ; 5.081 ;
; SW_A[4]    ; HEX1[4]     ; 4.387 ; 4.298 ; 5.270 ; 5.183 ;
; SW_A[4]    ; HEX1[5]     ; 4.216 ; 4.163 ; 5.071 ; 5.018 ;
; SW_A[4]    ; HEX1[6]     ; 4.157 ; 4.276 ; 5.012 ; 5.131 ;
; SW_A[4]    ; LEDR_Cout   ; 4.799 ; 5.859 ; 6.143 ; 6.077 ;
; SW_A[4]    ; LEDR_Y[0]   ; 5.619 ;       ;       ; 6.994 ;
; SW_A[4]    ; LEDR_Y[4]   ; 5.085 ; 5.943 ; 6.171 ; 6.474 ;
; SW_B_in[0] ; HEX0[0]     ; 4.610 ; 4.710 ; 5.543 ; 5.643 ;
; SW_B_in[0] ; HEX0[1]     ; 4.614 ; 4.775 ; 5.547 ; 5.672 ;
; SW_B_in[0] ; HEX0[2]     ; 4.565 ; 4.521 ; 5.462 ; 5.454 ;
; SW_B_in[0] ; HEX0[3]     ; 4.569 ; 4.627 ; 5.502 ; 5.560 ;
; SW_B_in[0] ; HEX0[4]     ; 4.486 ; 4.527 ; 5.419 ; 5.460 ;
; SW_B_in[0] ; HEX0[5]     ; 4.788 ; 4.966 ; 5.721 ; 5.863 ;
; SW_B_in[0] ; HEX0[6]     ; 4.732 ; 4.937 ; 5.665 ; 5.834 ;
; SW_B_in[0] ; HEX1[0]     ; 4.611 ; 4.548 ; 5.510 ; 5.449 ;
; SW_B_in[0] ; HEX1[2]     ; 4.543 ; 4.596 ; 5.444 ; 5.495 ;
; SW_B_in[0] ; HEX1[3]     ; 4.551 ; 4.592 ; 5.450 ; 5.493 ;
; SW_B_in[0] ; HEX1[4]     ; 4.532 ; 4.443 ; 5.431 ; 5.344 ;
; SW_B_in[0] ; HEX1[5]     ; 4.590 ; 4.530 ; 5.489 ; 5.431 ;
; SW_B_in[0] ; HEX1[6]     ; 4.859 ; 4.978 ; 5.671 ; 5.790 ;
; SW_B_in[0] ; LEDR_Cout   ; 5.536 ; 6.053 ; 6.348 ; 6.865 ;
; SW_B_in[0] ; LEDR_Y[0]   ; 5.413 ; 6.134 ; 6.363 ; 6.796 ;
; SW_B_in[0] ; LEDR_Y[1]   ; 5.088 ; 5.416 ; 5.900 ; 6.235 ;
; SW_B_in[0] ; LEDR_Y[2]   ; 5.610 ; 6.067 ; 6.434 ; 6.883 ;
; SW_B_in[0] ; LEDR_Y[3]   ; 5.393 ; 5.877 ; 6.227 ; 6.711 ;
; SW_B_in[0] ; LEDR_Y[4]   ; 6.007 ; 6.619 ; 6.832 ; 7.442 ;
; SW_B_in[1] ; HEX0[0]     ; 4.740 ; 4.890 ; 5.564 ; 5.714 ;
; SW_B_in[1] ; HEX0[1]     ; 4.833 ; 4.922 ; 5.657 ; 5.746 ;
; SW_B_in[1] ; HEX0[2]     ; 4.692 ; 4.864 ; 5.516 ; 5.571 ;
; SW_B_in[1] ; HEX0[3]     ; 4.783 ; 4.850 ; 5.607 ; 5.674 ;
; SW_B_in[1] ; HEX0[4]     ; 4.697 ; 4.745 ; 5.521 ; 5.569 ;
; SW_B_in[1] ; HEX0[5]     ; 5.045 ; 5.278 ; 5.838 ; 5.977 ;
; SW_B_in[1] ; HEX0[6]     ; 4.987 ; 5.076 ; 5.782 ; 5.900 ;
; SW_B_in[1] ; HEX1[0]     ; 4.612 ; 4.560 ; 5.429 ; 5.377 ;
; SW_B_in[1] ; HEX1[2]     ; 4.555 ; 4.597 ; 5.372 ; 5.414 ;
; SW_B_in[1] ; HEX1[3]     ; 4.537 ; 4.589 ; 5.354 ; 5.406 ;
; SW_B_in[1] ; HEX1[4]     ; 4.699 ; 4.610 ; 5.516 ; 5.427 ;
; SW_B_in[1] ; HEX1[5]     ; 4.579 ; 4.526 ; 5.396 ; 5.343 ;
; SW_B_in[1] ; HEX1[6]     ; 4.520 ; 4.639 ; 5.337 ; 5.456 ;
; SW_B_in[1] ; LEDR_Cout   ; 5.463 ; 5.977 ; 6.270 ; 6.787 ;
; SW_B_in[1] ; LEDR_Y[0]   ;       ; 6.209 ; 6.424 ;       ;
; SW_B_in[1] ; LEDR_Y[1]   ; 4.780 ; 5.109 ; 5.604 ; 5.923 ;
; SW_B_in[1] ; LEDR_Y[2]   ; 5.493 ; 5.994 ; 6.312 ; 6.798 ;
; SW_B_in[1] ; LEDR_Y[3]   ; 5.300 ; 5.784 ; 6.110 ; 6.594 ;
; SW_B_in[1] ; LEDR_Y[4]   ; 5.906 ; 6.516 ; 6.724 ; 7.336 ;
; SW_Op[0]   ; HEX0[0]     ; 4.160 ; 4.260 ; 4.993 ; 5.093 ;
; SW_Op[0]   ; HEX0[1]     ; 4.164 ; 4.306 ; 4.997 ; 5.158 ;
; SW_Op[0]   ; HEX0[2]     ; 4.096 ; 4.071 ; 4.948 ; 4.904 ;
; SW_Op[0]   ; HEX0[3]     ; 4.119 ; 4.177 ; 4.952 ; 5.010 ;
; SW_Op[0]   ; HEX0[4]     ; 4.036 ; 4.077 ; 4.869 ; 4.910 ;
; SW_Op[0]   ; HEX0[5]     ; 4.338 ; 4.497 ; 5.171 ; 5.349 ;
; SW_Op[0]   ; HEX0[6]     ; 4.282 ; 4.468 ; 5.115 ; 5.320 ;
; SW_Op[0]   ; HEX1[0]     ; 4.191 ; 4.129 ; 5.008 ; 4.945 ;
; SW_Op[0]   ; HEX1[2]     ; 4.124 ; 4.176 ; 4.940 ; 4.993 ;
; SW_Op[0]   ; HEX1[3]     ; 4.120 ; 4.172 ; 4.935 ; 4.987 ;
; SW_Op[0]   ; HEX1[4]     ; 4.112 ; 4.024 ; 4.929 ; 4.840 ;
; SW_Op[0]   ; HEX1[5]     ; 4.162 ; 4.109 ; 4.977 ; 4.924 ;
; SW_Op[0]   ; HEX1[6]     ; 4.103 ; 4.222 ; 4.918 ; 5.037 ;
; SW_Op[0]   ; LEDR_Cout   ; 4.729 ; 5.202 ; 5.534 ; 6.001 ;
; SW_Op[0]   ; LEDR_Y[0]   ; 4.842 ; 5.316 ; 5.673 ; 6.143 ;
; SW_Op[0]   ; LEDR_Y[1]   ; 4.253 ; 4.532 ; 5.060 ; 5.335 ;
; SW_Op[0]   ; LEDR_Y[2]   ; 4.881 ; 5.301 ; 5.685 ; 6.098 ;
; SW_Op[0]   ; LEDR_Y[3]   ; 4.624 ; 5.032 ; 5.428 ; 5.830 ;
; SW_Op[0]   ; LEDR_Y[4]   ; 5.275 ; 5.778 ; 6.080 ; 6.583 ;
; SW_Op[1]   ; HEX0[0]     ; 4.420 ; 4.520 ; 5.220 ; 5.320 ;
; SW_Op[1]   ; HEX0[1]     ; 4.424 ; 4.588 ; 5.224 ; 5.388 ;
; SW_Op[1]   ; HEX0[2]     ; 4.378 ; 4.331 ; 5.178 ; 5.131 ;
; SW_Op[1]   ; HEX0[3]     ; 4.379 ; 4.437 ; 5.179 ; 5.237 ;
; SW_Op[1]   ; HEX0[4]     ; 4.296 ; 4.337 ; 5.096 ; 5.137 ;
; SW_Op[1]   ; HEX0[5]     ; 4.598 ; 4.779 ; 5.398 ; 5.579 ;
; SW_Op[1]   ; HEX0[6]     ; 4.542 ; 4.750 ; 5.342 ; 5.550 ;
; SW_Op[1]   ; HEX1[0]     ; 4.443 ; 4.389 ; 5.252 ; 5.189 ;
; SW_Op[1]   ; HEX1[2]     ; 4.384 ; 4.428 ; 5.184 ; 5.237 ;
; SW_Op[1]   ; HEX1[3]     ; 4.368 ; 4.420 ; 5.192 ; 5.233 ;
; SW_Op[1]   ; HEX1[4]     ; 4.373 ; 4.284 ; 5.173 ; 5.084 ;
; SW_Op[1]   ; HEX1[5]     ; 4.410 ; 4.357 ; 5.231 ; 5.171 ;
; SW_Op[1]   ; HEX1[6]     ; 4.351 ; 4.470 ; 5.178 ; 5.297 ;
; SW_Op[1]   ; LEDR_Cout   ; 4.859 ; 5.347 ; 5.680 ; 6.142 ;
; SW_Op[1]   ; LEDR_Y[0]   ; 5.291 ; 5.857 ; 6.091 ; 6.655 ;
; SW_Op[1]   ; LEDR_Y[1]   ; 4.707 ; 5.039 ; 5.519 ; 5.832 ;
; SW_Op[1]   ; LEDR_Y[2]   ; 4.971 ; 5.422 ; 5.798 ; 6.202 ;
; SW_Op[1]   ; LEDR_Y[3]   ; 4.800 ; 5.217 ; 5.601 ; 6.016 ;
; SW_Op[1]   ; LEDR_Y[4]   ; 5.426 ; 5.932 ; 6.228 ; 6.734 ;
; SW_Op[2]   ; HEX0[0]     ; 4.568 ; 4.677 ; 5.367 ; 5.476 ;
; SW_Op[2]   ; HEX0[1]     ; 4.580 ; 4.798 ; 5.379 ; 5.577 ;
; SW_Op[2]   ; HEX0[2]     ; 4.439 ; 4.583 ; 5.238 ; 5.320 ;
; SW_Op[2]   ; HEX0[3]     ; 4.527 ; 4.689 ; 5.326 ; 5.426 ;
; SW_Op[2]   ; HEX0[4]     ; 4.441 ; 4.589 ; 5.240 ; 5.326 ;
; SW_Op[2]   ; HEX0[5]     ; 4.649 ; 4.757 ; 5.448 ; 5.556 ;
; SW_Op[2]   ; HEX0[6]     ; 4.588 ; 4.717 ; 5.387 ; 5.516 ;
; SW_Op[2]   ; HEX1[0]     ; 4.429 ; 4.377 ; 5.227 ; 5.175 ;
; SW_Op[2]   ; HEX1[2]     ; 4.372 ; 4.414 ; 5.170 ; 5.212 ;
; SW_Op[2]   ; HEX1[3]     ; 4.354 ; 4.406 ; 5.152 ; 5.204 ;
; SW_Op[2]   ; HEX1[4]     ; 4.555 ; 4.466 ; 5.362 ; 5.273 ;
; SW_Op[2]   ; HEX1[5]     ; 4.396 ; 4.343 ; 5.194 ; 5.141 ;
; SW_Op[2]   ; HEX1[6]     ; 4.337 ; 4.456 ; 5.135 ; 5.254 ;
; SW_Op[2]   ; LEDR_Cout   ; 4.833 ; 5.339 ; 5.633 ; 6.116 ;
; SW_Op[2]   ; LEDR_Y[0]   ; 5.436 ; 6.012 ; 6.244 ; 6.816 ;
; SW_Op[2]   ; LEDR_Y[1]   ; 4.688 ; 5.063 ; 5.524 ; 5.860 ;
; SW_Op[2]   ; LEDR_Y[2]   ; 4.988 ; 5.418 ; 5.787 ; 6.217 ;
; SW_Op[2]   ; LEDR_Y[3]   ; 4.732 ; 5.173 ; 5.531 ; 5.950 ;
; SW_Op[2]   ; LEDR_Y[4]   ; 5.363 ; 5.869 ; 6.187 ; 6.706 ;
+------------+-------------+-------+-------+-------+-------+


+--------------------------------------------------------------------------------------------------------------------------------------------------------------------------------------------------------------------------------------------------------------------------------------------------------------------------------------------------------------------------------------------------------------+
; Board Trace Model Assignments                                                                                                                                                                                                                                                                                                                                                                                ;
+-----------+--------------+-------------------+-------------------------+-------------------------+---------------+---------------------+----------------+------------------+--------+------------------+------------------------+------------------------+--------------+---------------+-----------------+-------+---------------------+--------------------+---------------+-----------------+-------------+
; Pin       ; I/O Standard ; Near Tline Length ; Near Tline L per Length ; Near Tline C per Length ; Near Series R ; Near Differential R ; Near Pull-up R ; Near Pull-down R ; Near C ; Far Tline Length ; Far Tline L per Length ; Far Tline C per Length ; Far Series R ; Far Pull-up R ; Far Pull-down R ; Far C ; Termination Voltage ; Far Differential R ; EBD File Name ; EBD Signal Name ; EBD Far-end ;
+-----------+--------------+-------------------+-------------------------+-------------------------+---------------+---------------------+----------------+------------------+--------+------------------+------------------------+------------------------+--------------+---------------+-----------------+-------+---------------------+--------------------+---------------+-----------------+-------------+
; LEDR_Y[0] ; 3.3-V LVTTL  ; 0 in              ; 0 H/in                  ; 0 F/in                  ; short         ; -                   ; open           ; open             ; open   ; 0 in             ; 0 H/in                 ; 0 F/in                 ; short        ; open          ; open            ; open  ; 0 V                 ; -                  ; n/a           ; n/a             ; n/a         ;
; LEDR_Y[1] ; 3.3-V LVTTL  ; 0 in              ; 0 H/in                  ; 0 F/in                  ; short         ; -                   ; open           ; open             ; open   ; 0 in             ; 0 H/in                 ; 0 F/in                 ; short        ; open          ; open            ; open  ; 0 V                 ; -                  ; n/a           ; n/a             ; n/a         ;
; LEDR_Y[2] ; 3.3-V LVTTL  ; 0 in              ; 0 H/in                  ; 0 F/in                  ; short         ; -                   ; open           ; open             ; open   ; 0 in             ; 0 H/in                 ; 0 F/in                 ; short        ; open          ; open            ; open  ; 0 V                 ; -                  ; n/a           ; n/a             ; n/a         ;
; LEDR_Y[3] ; 3.3-V LVTTL  ; 0 in              ; 0 H/in                  ; 0 F/in                  ; short         ; -                   ; open           ; open             ; open   ; 0 in             ; 0 H/in                 ; 0 F/in                 ; short        ; open          ; open            ; open  ; 0 V                 ; -                  ; n/a           ; n/a             ; n/a         ;
; LEDR_Y[4] ; 3.3-V LVTTL  ; 0 in              ; 0 H/in                  ; 0 F/in                  ; short         ; -                   ; open           ; open             ; open   ; 0 in             ; 0 H/in                 ; 0 F/in                 ; short        ; open          ; open            ; open  ; 0 V                 ; -                  ; n/a           ; n/a             ; n/a         ;
; LEDR_Cout ; 3.3-V LVTTL  ; 0 in              ; 0 H/in                  ; 0 F/in                  ; short         ; -                   ; open           ; open             ; open   ; 0 in             ; 0 H/in                 ; 0 F/in                 ; short        ; open          ; open            ; open  ; 0 V                 ; -                  ; n/a           ; n/a             ; n/a         ;
; HEX0[0]   ; 3.3-V LVTTL  ; 0 in              ; 0 H/in                  ; 0 F/in                  ; short         ; -                   ; open           ; open             ; open   ; 0 in             ; 0 H/in                 ; 0 F/in                 ; short        ; open          ; open            ; open  ; 0 V                 ; -                  ; n/a           ; n/a             ; n/a         ;
; HEX0[1]   ; 3.3-V LVTTL  ; 0 in              ; 0 H/in                  ; 0 F/in                  ; short         ; -                   ; open           ; open             ; open   ; 0 in             ; 0 H/in                 ; 0 F/in                 ; short        ; open          ; open            ; open  ; 0 V                 ; -                  ; n/a           ; n/a             ; n/a         ;
; HEX0[2]   ; 3.3-V LVTTL  ; 0 in              ; 0 H/in                  ; 0 F/in                  ; short         ; -                   ; open           ; open             ; open   ; 0 in             ; 0 H/in                 ; 0 F/in                 ; short        ; open          ; open            ; open  ; 0 V                 ; -                  ; n/a           ; n/a             ; n/a         ;
; HEX0[3]   ; 3.3-V LVTTL  ; 0 in              ; 0 H/in                  ; 0 F/in                  ; short         ; -                   ; open           ; open             ; open   ; 0 in             ; 0 H/in                 ; 0 F/in                 ; short        ; open          ; open            ; open  ; 0 V                 ; -                  ; n/a           ; n/a             ; n/a         ;
; HEX0[4]   ; 3.3-V LVTTL  ; 0 in              ; 0 H/in                  ; 0 F/in                  ; short         ; -                   ; open           ; open             ; open   ; 0 in             ; 0 H/in                 ; 0 F/in                 ; short        ; open          ; open            ; open  ; 0 V                 ; -                  ; n/a           ; n/a             ; n/a         ;
; HEX0[5]   ; 3.3-V LVTTL  ; 0 in              ; 0 H/in                  ; 0 F/in                  ; short         ; -                   ; open           ; open             ; open   ; 0 in             ; 0 H/in                 ; 0 F/in                 ; short        ; open          ; open            ; open  ; 0 V                 ; -                  ; n/a           ; n/a             ; n/a         ;
; HEX0[6]   ; 3.3-V LVTTL  ; 0 in              ; 0 H/in                  ; 0 F/in                  ; short         ; -                   ; open           ; open             ; open   ; 0 in             ; 0 H/in                 ; 0 F/in                 ; short        ; open          ; open            ; open  ; 0 V                 ; -                  ; n/a           ; n/a             ; n/a         ;
; HEX1[0]   ; 3.3-V LVTTL  ; 0 in              ; 0 H/in                  ; 0 F/in                  ; short         ; -                   ; open           ; open             ; open   ; 0 in             ; 0 H/in                 ; 0 F/in                 ; short        ; open          ; open            ; open  ; 0 V                 ; -                  ; n/a           ; n/a             ; n/a         ;
; HEX1[1]   ; 3.3-V LVTTL  ; 0 in              ; 0 H/in                  ; 0 F/in                  ; short         ; -                   ; open           ; open             ; open   ; 0 in             ; 0 H/in                 ; 0 F/in                 ; short        ; open          ; open            ; open  ; 0 V                 ; -                  ; n/a           ; n/a             ; n/a         ;
; HEX1[2]   ; 3.3-V LVTTL  ; 0 in              ; 0 H/in                  ; 0 F/in                  ; short         ; -                   ; open           ; open             ; open   ; 0 in             ; 0 H/in                 ; 0 F/in                 ; short        ; open          ; open            ; open  ; 0 V                 ; -                  ; n/a           ; n/a             ; n/a         ;
; HEX1[3]   ; 3.3-V LVTTL  ; 0 in              ; 0 H/in                  ; 0 F/in                  ; short         ; -                   ; open           ; open             ; open   ; 0 in             ; 0 H/in                 ; 0 F/in                 ; short        ; open          ; open            ; open  ; 0 V                 ; -                  ; n/a           ; n/a             ; n/a         ;
; HEX1[4]   ; 3.3-V LVTTL  ; 0 in              ; 0 H/in                  ; 0 F/in                  ; short         ; -                   ; open           ; open             ; open   ; 0 in             ; 0 H/in                 ; 0 F/in                 ; short        ; open          ; open            ; open  ; 0 V                 ; -                  ; n/a           ; n/a             ; n/a         ;
; HEX1[5]   ; 3.3-V LVTTL  ; 0 in              ; 0 H/in                  ; 0 F/in                  ; short         ; -                   ; open           ; open             ; open   ; 0 in             ; 0 H/in                 ; 0 F/in                 ; short        ; open          ; open            ; open  ; 0 V                 ; -                  ; n/a           ; n/a             ; n/a         ;
; HEX1[6]   ; 3.3-V LVTTL  ; 0 in              ; 0 H/in                  ; 0 F/in                  ; short         ; -                   ; open           ; open             ; open   ; 0 in             ; 0 H/in                 ; 0 F/in                 ; short        ; open          ; open            ; open  ; 0 V                 ; -                  ; n/a           ; n/a             ; n/a         ;
+-----------+--------------+-------------------+-------------------------+-------------------------+---------------+---------------------+----------------+------------------+--------+------------------+------------------------+------------------------+--------------+---------------+-----------------+-------+---------------------+--------------------+---------------+-----------------+-------------+


+---------------------------------------------------------------+
; Input Transition Times                                        ;
+------------+--------------+-----------------+-----------------+
; Pin        ; I/O Standard ; 10-90 Rise Time ; 90-10 Fall Time ;
+------------+--------------+-----------------+-----------------+
; SW_Op[0]   ; 3.3-V LVTTL  ; 2640 ps         ; 2640 ps         ;
; SW_B_in[0] ; 3.3-V LVTTL  ; 2640 ps         ; 2640 ps         ;
; SW_Op[1]   ; 3.3-V LVTTL  ; 2640 ps         ; 2640 ps         ;
; SW_Op[2]   ; 3.3-V LVTTL  ; 2640 ps         ; 2640 ps         ;
; SW_A[1]    ; 3.3-V LVTTL  ; 2640 ps         ; 2640 ps         ;
; SW_B_in[1] ; 3.3-V LVTTL  ; 2640 ps         ; 2640 ps         ;
; SW_A[0]    ; 3.3-V LVTTL  ; 2640 ps         ; 2640 ps         ;
; SW_A[2]    ; 3.3-V LVTTL  ; 2640 ps         ; 2640 ps         ;
; SW_A[3]    ; 3.3-V LVTTL  ; 2640 ps         ; 2640 ps         ;
; SW_A[4]    ; 3.3-V LVTTL  ; 2640 ps         ; 2640 ps         ;
+------------+--------------+-----------------+-----------------+


+----------------------------------------------------------------------------------------------------------------------------------------------------------------------------------------------------------------------------------------------------------------------------------------------------------------------------------------------------------------------------------------------------------------------------------------------------------------------------------------------------------------------------------------------------------------------------------------------------------------------------------------------------------------------------------------+
; Signal Integrity Metrics (Slow 1100mv 0c Model)                                                                                                                                                                                                                                                                                                                                                                                                                                                                                                                                                                                                                                        ;
+-----------+--------------+---------------------+---------------------+------------------------------+------------------------------+---------------------+---------------------+--------------------------------------+--------------------------------------+-----------------------------+-----------------------------+----------------------------+----------------------------+-----------------------------+-----------------------------+--------------------+--------------------+-------------------------------------+-------------------------------------+----------------------------+----------------------------+---------------------------+---------------------------+
; Pin       ; I/O Standard ; Board Delay on Rise ; Board Delay on Fall ; Steady State Voh at FPGA Pin ; Steady State Vol at FPGA Pin ; Voh Max at FPGA Pin ; Vol Min at FPGA Pin ; Ringback Voltage on Rise at FPGA Pin ; Ringback Voltage on Fall at FPGA Pin ; 10-90 Rise Time at FPGA Pin ; 90-10 Fall Time at FPGA Pin ; Monotonic Rise at FPGA Pin ; Monotonic Fall at FPGA Pin ; Steady State Voh at Far-end ; Steady State Vol at Far-end ; Voh Max at Far-end ; Vol Min at Far-end ; Ringback Voltage on Rise at Far-end ; Ringback Voltage on Fall at Far-end ; 10-90 Rise Time at Far-end ; 90-10 Fall Time at Far-end ; Monotonic Rise at Far-end ; Monotonic Fall at Far-end ;
+-----------+--------------+---------------------+---------------------+------------------------------+------------------------------+---------------------+---------------------+--------------------------------------+--------------------------------------+-----------------------------+-----------------------------+----------------------------+----------------------------+-----------------------------+-----------------------------+--------------------+--------------------+-------------------------------------+-------------------------------------+----------------------------+----------------------------+---------------------------+---------------------------+
; LEDR_Y[0] ; 3.3-V LVTTL  ; 0 s                 ; 0 s                 ; 3.08 V                       ; 2.01e-07 V                   ; 3.13 V              ; -0.229 V            ; 0.131 V                              ; 0.38 V                               ; 4.37e-10 s                  ; 1.58e-10 s                  ; Yes                        ; No                         ; 3.08 V                      ; 2.01e-07 V                  ; 3.13 V             ; -0.229 V           ; 0.131 V                             ; 0.38 V                              ; 4.37e-10 s                 ; 1.58e-10 s                 ; Yes                       ; No                        ;
; LEDR_Y[1] ; 3.3-V LVTTL  ; 0 s                 ; 0 s                 ; 3.08 V                       ; 2.01e-07 V                   ; 3.13 V              ; -0.229 V            ; 0.132 V                              ; 0.377 V                              ; 4.37e-10 s                  ; 1.58e-10 s                  ; Yes                        ; No                         ; 3.08 V                      ; 2.01e-07 V                  ; 3.13 V             ; -0.229 V           ; 0.132 V                             ; 0.377 V                             ; 4.37e-10 s                 ; 1.58e-10 s                 ; Yes                       ; No                        ;
; LEDR_Y[2] ; 3.3-V LVTTL  ; 0 s                 ; 0 s                 ; 3.08 V                       ; 1.58e-07 V                   ; 3.09 V              ; -0.13 V             ; 0.032 V                              ; 0.298 V                              ; 4.39e-10 s                  ; 1.69e-10 s                  ; Yes                        ; Yes                        ; 3.08 V                      ; 1.58e-07 V                  ; 3.09 V             ; -0.13 V            ; 0.032 V                             ; 0.298 V                             ; 4.39e-10 s                 ; 1.69e-10 s                 ; Yes                       ; Yes                       ;
; LEDR_Y[3] ; 3.3-V LVTTL  ; 0 s                 ; 0 s                 ; 3.08 V                       ; 2.1e-07 V                    ; 3.12 V              ; -0.169 V            ; 0.165 V                              ; 0.384 V                              ; 4.57e-10 s                  ; 1.75e-10 s                  ; Yes                        ; No                         ; 3.08 V                      ; 2.1e-07 V                   ; 3.12 V             ; -0.169 V           ; 0.165 V                             ; 0.384 V                             ; 4.57e-10 s                 ; 1.75e-10 s                 ; Yes                       ; No                        ;
; LEDR_Y[4] ; 3.3-V LVTTL  ; 0 s                 ; 0 s                 ; 3.08 V                       ; 2.01e-07 V                   ; 3.13 V              ; -0.229 V            ; 0.131 V                              ; 0.38 V                               ; 4.37e-10 s                  ; 1.58e-10 s                  ; Yes                        ; No                         ; 3.08 V                      ; 2.01e-07 V                  ; 3.13 V             ; -0.229 V           ; 0.131 V                             ; 0.38 V                              ; 4.37e-10 s                 ; 1.58e-10 s                 ; Yes                       ; No                        ;
; LEDR_Cout ; 3.3-V LVTTL  ; 0 s                 ; 0 s                 ; 3.08 V                       ; 2.01e-07 V                   ; 3.13 V              ; -0.229 V            ; 0.132 V                              ; 0.377 V                              ; 4.37e-10 s                  ; 1.58e-10 s                  ; Yes                        ; No                         ; 3.08 V                      ; 2.01e-07 V                  ; 3.13 V             ; -0.229 V           ; 0.132 V                             ; 0.377 V                             ; 4.37e-10 s                 ; 1.58e-10 s                 ; Yes                       ; No                        ;
; HEX0[0]   ; 3.3-V LVTTL  ; 0 s                 ; 0 s                 ; 3.08 V                       ; 2.01e-07 V                   ; 3.13 V              ; -0.229 V            ; 0.132 V                              ; 0.377 V                              ; 4.37e-10 s                  ; 1.58e-10 s                  ; Yes                        ; No                         ; 3.08 V                      ; 2.01e-07 V                  ; 3.13 V             ; -0.229 V           ; 0.132 V                             ; 0.377 V                             ; 4.37e-10 s                 ; 1.58e-10 s                 ; Yes                       ; No                        ;
; HEX0[1]   ; 3.3-V LVTTL  ; 0 s                 ; 0 s                 ; 3.08 V                       ; 2.01e-07 V                   ; 3.13 V              ; -0.229 V            ; 0.131 V                              ; 0.38 V                               ; 4.37e-10 s                  ; 1.58e-10 s                  ; Yes                        ; No                         ; 3.08 V                      ; 2.01e-07 V                  ; 3.13 V             ; -0.229 V           ; 0.131 V                             ; 0.38 V                              ; 4.37e-10 s                 ; 1.58e-10 s                 ; Yes                       ; No                        ;
; HEX0[2]   ; 3.3-V LVTTL  ; 0 s                 ; 0 s                 ; 3.08 V                       ; 2.01e-07 V                   ; 3.13 V              ; -0.229 V            ; 0.131 V                              ; 0.38 V                               ; 4.37e-10 s                  ; 1.58e-10 s                  ; Yes                        ; No                         ; 3.08 V                      ; 2.01e-07 V                  ; 3.13 V             ; -0.229 V           ; 0.131 V                             ; 0.38 V                              ; 4.37e-10 s                 ; 1.58e-10 s                 ; Yes                       ; No                        ;
; HEX0[3]   ; 3.3-V LVTTL  ; 0 s                 ; 0 s                 ; 3.08 V                       ; 2.01e-07 V                   ; 3.13 V              ; -0.229 V            ; 0.131 V                              ; 0.38 V                               ; 4.37e-10 s                  ; 1.58e-10 s                  ; Yes                        ; No                         ; 3.08 V                      ; 2.01e-07 V                  ; 3.13 V             ; -0.229 V           ; 0.131 V                             ; 0.38 V                              ; 4.37e-10 s                 ; 1.58e-10 s                 ; Yes                       ; No                        ;
; HEX0[4]   ; 3.3-V LVTTL  ; 0 s                 ; 0 s                 ; 3.08 V                       ; 2.01e-07 V                   ; 3.13 V              ; -0.229 V            ; 0.132 V                              ; 0.377 V                              ; 4.37e-10 s                  ; 1.58e-10 s                  ; Yes                        ; No                         ; 3.08 V                      ; 2.01e-07 V                  ; 3.13 V             ; -0.229 V           ; 0.132 V                             ; 0.377 V                             ; 4.37e-10 s                 ; 1.58e-10 s                 ; Yes                       ; No                        ;
; HEX0[5]   ; 3.3-V LVTTL  ; 0 s                 ; 0 s                 ; 3.08 V                       ; 2.01e-07 V                   ; 3.13 V              ; -0.229 V            ; 0.132 V                              ; 0.377 V                              ; 4.37e-10 s                  ; 1.58e-10 s                  ; Yes                        ; No                         ; 3.08 V                      ; 2.01e-07 V                  ; 3.13 V             ; -0.229 V           ; 0.132 V                             ; 0.377 V                             ; 4.37e-10 s                 ; 1.58e-10 s                 ; Yes                       ; No                        ;
; HEX0[6]   ; 3.3-V LVTTL  ; 0 s                 ; 0 s                 ; 3.08 V                       ; 2.01e-07 V                   ; 3.13 V              ; -0.229 V            ; 0.131 V                              ; 0.38 V                               ; 4.37e-10 s                  ; 1.58e-10 s                  ; Yes                        ; No                         ; 3.08 V                      ; 2.01e-07 V                  ; 3.13 V             ; -0.229 V           ; 0.131 V                             ; 0.38 V                              ; 4.37e-10 s                 ; 1.58e-10 s                 ; Yes                       ; No                        ;
; HEX1[0]   ; 3.3-V LVTTL  ; 0 s                 ; 0 s                 ; 3.08 V                       ; 2.01e-07 V                   ; 3.13 V              ; -0.229 V            ; 0.131 V                              ; 0.38 V                               ; 4.37e-10 s                  ; 1.58e-10 s                  ; Yes                        ; No                         ; 3.08 V                      ; 2.01e-07 V                  ; 3.13 V             ; -0.229 V           ; 0.131 V                             ; 0.38 V                              ; 4.37e-10 s                 ; 1.58e-10 s                 ; Yes                       ; No                        ;
; HEX1[1]   ; 3.3-V LVTTL  ; 0 s                 ; 0 s                 ; 3.08 V                       ; 2.01e-07 V                   ; 3.13 V              ; -0.229 V            ; 0.132 V                              ; 0.377 V                              ; 4.37e-10 s                  ; 1.58e-10 s                  ; Yes                        ; No                         ; 3.08 V                      ; 2.01e-07 V                  ; 3.13 V             ; -0.229 V           ; 0.132 V                             ; 0.377 V                             ; 4.37e-10 s                 ; 1.58e-10 s                 ; Yes                       ; No                        ;
; HEX1[2]   ; 3.3-V LVTTL  ; 0 s                 ; 0 s                 ; 3.08 V                       ; 2.01e-07 V                   ; 3.13 V              ; -0.229 V            ; 0.132 V                              ; 0.377 V                              ; 4.37e-10 s                  ; 1.58e-10 s                  ; Yes                        ; No                         ; 3.08 V                      ; 2.01e-07 V                  ; 3.13 V             ; -0.229 V           ; 0.132 V                             ; 0.377 V                             ; 4.37e-10 s                 ; 1.58e-10 s                 ; Yes                       ; No                        ;
; HEX1[3]   ; 3.3-V LVTTL  ; 0 s                 ; 0 s                 ; 3.08 V                       ; 2.01e-07 V                   ; 3.13 V              ; -0.229 V            ; 0.131 V                              ; 0.38 V                               ; 4.37e-10 s                  ; 1.58e-10 s                  ; Yes                        ; No                         ; 3.08 V                      ; 2.01e-07 V                  ; 3.13 V             ; -0.229 V           ; 0.131 V                             ; 0.38 V                              ; 4.37e-10 s                 ; 1.58e-10 s                 ; Yes                       ; No                        ;
; HEX1[4]   ; 3.3-V LVTTL  ; 0 s                 ; 0 s                 ; 3.08 V                       ; 2.01e-07 V                   ; 3.13 V              ; -0.229 V            ; 0.131 V                              ; 0.38 V                               ; 4.37e-10 s                  ; 1.58e-10 s                  ; Yes                        ; No                         ; 3.08 V                      ; 2.01e-07 V                  ; 3.13 V             ; -0.229 V           ; 0.131 V                             ; 0.38 V                              ; 4.37e-10 s                 ; 1.58e-10 s                 ; Yes                       ; No                        ;
; HEX1[5]   ; 3.3-V LVTTL  ; 0 s                 ; 0 s                 ; 3.08 V                       ; 2.01e-07 V                   ; 3.13 V              ; -0.229 V            ; 0.132 V                              ; 0.377 V                              ; 4.37e-10 s                  ; 1.58e-10 s                  ; Yes                        ; No                         ; 3.08 V                      ; 2.01e-07 V                  ; 3.13 V             ; -0.229 V           ; 0.132 V                             ; 0.377 V                             ; 4.37e-10 s                 ; 1.58e-10 s                 ; Yes                       ; No                        ;
; HEX1[6]   ; 3.3-V LVTTL  ; 0 s                 ; 0 s                 ; 3.08 V                       ; 2.01e-07 V                   ; 3.13 V              ; -0.229 V            ; 0.132 V                              ; 0.377 V                              ; 4.37e-10 s                  ; 1.58e-10 s                  ; Yes                        ; No                         ; 3.08 V                      ; 2.01e-07 V                  ; 3.13 V             ; -0.229 V           ; 0.132 V                             ; 0.377 V                             ; 4.37e-10 s                 ; 1.58e-10 s                 ; Yes                       ; No                        ;
+-----------+--------------+---------------------+---------------------+------------------------------+------------------------------+---------------------+---------------------+--------------------------------------+--------------------------------------+-----------------------------+-----------------------------+----------------------------+----------------------------+-----------------------------+-----------------------------+--------------------+--------------------+-------------------------------------+-------------------------------------+----------------------------+----------------------------+---------------------------+---------------------------+


+----------------------------------------------------------------------------------------------------------------------------------------------------------------------------------------------------------------------------------------------------------------------------------------------------------------------------------------------------------------------------------------------------------------------------------------------------------------------------------------------------------------------------------------------------------------------------------------------------------------------------------------------------------------------------------------+
; Signal Integrity Metrics (Slow 1100mv 85c Model)                                                                                                                                                                                                                                                                                                                                                                                                                                                                                                                                                                                                                                       ;
+-----------+--------------+---------------------+---------------------+------------------------------+------------------------------+---------------------+---------------------+--------------------------------------+--------------------------------------+-----------------------------+-----------------------------+----------------------------+----------------------------+-----------------------------+-----------------------------+--------------------+--------------------+-------------------------------------+-------------------------------------+----------------------------+----------------------------+---------------------------+---------------------------+
; Pin       ; I/O Standard ; Board Delay on Rise ; Board Delay on Fall ; Steady State Voh at FPGA Pin ; Steady State Vol at FPGA Pin ; Voh Max at FPGA Pin ; Vol Min at FPGA Pin ; Ringback Voltage on Rise at FPGA Pin ; Ringback Voltage on Fall at FPGA Pin ; 10-90 Rise Time at FPGA Pin ; 90-10 Fall Time at FPGA Pin ; Monotonic Rise at FPGA Pin ; Monotonic Fall at FPGA Pin ; Steady State Voh at Far-end ; Steady State Vol at Far-end ; Voh Max at Far-end ; Vol Min at Far-end ; Ringback Voltage on Rise at Far-end ; Ringback Voltage on Fall at Far-end ; 10-90 Rise Time at Far-end ; 90-10 Fall Time at Far-end ; Monotonic Rise at Far-end ; Monotonic Fall at Far-end ;
+-----------+--------------+---------------------+---------------------+------------------------------+------------------------------+---------------------+---------------------+--------------------------------------+--------------------------------------+-----------------------------+-----------------------------+----------------------------+----------------------------+-----------------------------+-----------------------------+--------------------+--------------------+-------------------------------------+-------------------------------------+----------------------------+----------------------------+---------------------------+---------------------------+
; LEDR_Y[0] ; 3.3-V LVTTL  ; 0 s                 ; 0 s                 ; 3.08 V                       ; 2.02e-05 V                   ; 3.11 V              ; -0.117 V            ; 0.087 V                              ; 0.147 V                              ; 5.3e-10 s                   ; 3.14e-10 s                  ; Yes                        ; No                         ; 3.08 V                      ; 2.02e-05 V                  ; 3.11 V             ; -0.117 V           ; 0.087 V                             ; 0.147 V                             ; 5.3e-10 s                  ; 3.14e-10 s                 ; Yes                       ; No                        ;
; LEDR_Y[1] ; 3.3-V LVTTL  ; 0 s                 ; 0 s                 ; 3.08 V                       ; 2.02e-05 V                   ; 3.11 V              ; -0.117 V            ; 0.087 V                              ; 0.148 V                              ; 5.31e-10 s                  ; 3.14e-10 s                  ; Yes                        ; No                         ; 3.08 V                      ; 2.02e-05 V                  ; 3.11 V             ; -0.117 V           ; 0.087 V                             ; 0.148 V                             ; 5.31e-10 s                 ; 3.14e-10 s                 ; Yes                       ; No                        ;
; LEDR_Y[2] ; 3.3-V LVTTL  ; 0 s                 ; 0 s                 ; 3.08 V                       ; 1.66e-05 V                   ; 3.09 V              ; -0.0542 V           ; 0.04 V                               ; 0.089 V                              ; 5.35e-10 s                  ; 3.01e-10 s                  ; Yes                        ; Yes                        ; 3.08 V                      ; 1.66e-05 V                  ; 3.09 V             ; -0.0542 V          ; 0.04 V                              ; 0.089 V                             ; 5.35e-10 s                 ; 3.01e-10 s                 ; Yes                       ; Yes                       ;
; LEDR_Y[3] ; 3.3-V LVTTL  ; 0 s                 ; 0 s                 ; 3.08 V                       ; 2.1e-05 V                    ; 3.11 V              ; -0.0931 V           ; 0.115 V                              ; 0.142 V                              ; 5.74e-10 s                  ; 3.17e-10 s                  ; Yes                        ; Yes                        ; 3.08 V                      ; 2.1e-05 V                   ; 3.11 V             ; -0.0931 V          ; 0.115 V                             ; 0.142 V                             ; 5.74e-10 s                 ; 3.17e-10 s                 ; Yes                       ; Yes                       ;
; LEDR_Y[4] ; 3.3-V LVTTL  ; 0 s                 ; 0 s                 ; 3.08 V                       ; 2.02e-05 V                   ; 3.11 V              ; -0.117 V            ; 0.087 V                              ; 0.147 V                              ; 5.3e-10 s                   ; 3.14e-10 s                  ; Yes                        ; No                         ; 3.08 V                      ; 2.02e-05 V                  ; 3.11 V             ; -0.117 V           ; 0.087 V                             ; 0.147 V                             ; 5.3e-10 s                  ; 3.14e-10 s                 ; Yes                       ; No                        ;
; LEDR_Cout ; 3.3-V LVTTL  ; 0 s                 ; 0 s                 ; 3.08 V                       ; 2.02e-05 V                   ; 3.11 V              ; -0.117 V            ; 0.087 V                              ; 0.148 V                              ; 5.31e-10 s                  ; 3.14e-10 s                  ; Yes                        ; No                         ; 3.08 V                      ; 2.02e-05 V                  ; 3.11 V             ; -0.117 V           ; 0.087 V                             ; 0.148 V                             ; 5.31e-10 s                 ; 3.14e-10 s                 ; Yes                       ; No                        ;
; HEX0[0]   ; 3.3-V LVTTL  ; 0 s                 ; 0 s                 ; 3.08 V                       ; 2.02e-05 V                   ; 3.11 V              ; -0.117 V            ; 0.087 V                              ; 0.148 V                              ; 5.31e-10 s                  ; 3.14e-10 s                  ; Yes                        ; No                         ; 3.08 V                      ; 2.02e-05 V                  ; 3.11 V             ; -0.117 V           ; 0.087 V                             ; 0.148 V                             ; 5.31e-10 s                 ; 3.14e-10 s                 ; Yes                       ; No                        ;
; HEX0[1]   ; 3.3-V LVTTL  ; 0 s                 ; 0 s                 ; 3.08 V                       ; 2.02e-05 V                   ; 3.11 V              ; -0.117 V            ; 0.087 V                              ; 0.147 V                              ; 5.3e-10 s                   ; 3.14e-10 s                  ; Yes                        ; No                         ; 3.08 V                      ; 2.02e-05 V                  ; 3.11 V             ; -0.117 V           ; 0.087 V                             ; 0.147 V                             ; 5.3e-10 s                  ; 3.14e-10 s                 ; Yes                       ; No                        ;
; HEX0[2]   ; 3.3-V LVTTL  ; 0 s                 ; 0 s                 ; 3.08 V                       ; 2.02e-05 V                   ; 3.11 V              ; -0.117 V            ; 0.087 V                              ; 0.147 V                              ; 5.3e-10 s                   ; 3.14e-10 s                  ; Yes                        ; No                         ; 3.08 V                      ; 2.02e-05 V                  ; 3.11 V             ; -0.117 V           ; 0.087 V                             ; 0.147 V                             ; 5.3e-10 s                  ; 3.14e-10 s                 ; Yes                       ; No                        ;
; HEX0[3]   ; 3.3-V LVTTL  ; 0 s                 ; 0 s                 ; 3.08 V                       ; 2.02e-05 V                   ; 3.11 V              ; -0.117 V            ; 0.087 V                              ; 0.147 V                              ; 5.3e-10 s                   ; 3.14e-10 s                  ; Yes                        ; No                         ; 3.08 V                      ; 2.02e-05 V                  ; 3.11 V             ; -0.117 V           ; 0.087 V                             ; 0.147 V                             ; 5.3e-10 s                  ; 3.14e-10 s                 ; Yes                       ; No                        ;
; HEX0[4]   ; 3.3-V LVTTL  ; 0 s                 ; 0 s                 ; 3.08 V                       ; 2.02e-05 V                   ; 3.11 V              ; -0.117 V            ; 0.087 V                              ; 0.148 V                              ; 5.31e-10 s                  ; 3.14e-10 s                  ; Yes                        ; No                         ; 3.08 V                      ; 2.02e-05 V                  ; 3.11 V             ; -0.117 V           ; 0.087 V                             ; 0.148 V                             ; 5.31e-10 s                 ; 3.14e-10 s                 ; Yes                       ; No                        ;
; HEX0[5]   ; 3.3-V LVTTL  ; 0 s                 ; 0 s                 ; 3.08 V                       ; 2.02e-05 V                   ; 3.11 V              ; -0.117 V            ; 0.087 V                              ; 0.148 V                              ; 5.31e-10 s                  ; 3.14e-10 s                  ; Yes                        ; No                         ; 3.08 V                      ; 2.02e-05 V                  ; 3.11 V             ; -0.117 V           ; 0.087 V                             ; 0.148 V                             ; 5.31e-10 s                 ; 3.14e-10 s                 ; Yes                       ; No                        ;
; HEX0[6]   ; 3.3-V LVTTL  ; 0 s                 ; 0 s                 ; 3.08 V                       ; 2.02e-05 V                   ; 3.11 V              ; -0.117 V            ; 0.087 V                              ; 0.147 V                              ; 5.3e-10 s                   ; 3.14e-10 s                  ; Yes                        ; No                         ; 3.08 V                      ; 2.02e-05 V                  ; 3.11 V             ; -0.117 V           ; 0.087 V                             ; 0.147 V                             ; 5.3e-10 s                  ; 3.14e-10 s                 ; Yes                       ; No                        ;
; HEX1[0]   ; 3.3-V LVTTL  ; 0 s                 ; 0 s                 ; 3.08 V                       ; 2.02e-05 V                   ; 3.11 V              ; -0.117 V            ; 0.087 V                              ; 0.147 V                              ; 5.3e-10 s                   ; 3.14e-10 s                  ; Yes                        ; No                         ; 3.08 V                      ; 2.02e-05 V                  ; 3.11 V             ; -0.117 V           ; 0.087 V                             ; 0.147 V                             ; 5.3e-10 s                  ; 3.14e-10 s                 ; Yes                       ; No                        ;
; HEX1[1]   ; 3.3-V LVTTL  ; 0 s                 ; 0 s                 ; 3.08 V                       ; 2.02e-05 V                   ; 3.11 V              ; -0.117 V            ; 0.087 V                              ; 0.148 V                              ; 5.31e-10 s                  ; 3.14e-10 s                  ; Yes                        ; No                         ; 3.08 V                      ; 2.02e-05 V                  ; 3.11 V             ; -0.117 V           ; 0.087 V                             ; 0.148 V                             ; 5.31e-10 s                 ; 3.14e-10 s                 ; Yes                       ; No                        ;
; HEX1[2]   ; 3.3-V LVTTL  ; 0 s                 ; 0 s                 ; 3.08 V                       ; 2.02e-05 V                   ; 3.11 V              ; -0.117 V            ; 0.087 V                              ; 0.148 V                              ; 5.31e-10 s                  ; 3.14e-10 s                  ; Yes                        ; No                         ; 3.08 V                      ; 2.02e-05 V                  ; 3.11 V             ; -0.117 V           ; 0.087 V                             ; 0.148 V                             ; 5.31e-10 s                 ; 3.14e-10 s                 ; Yes                       ; No                        ;
; HEX1[3]   ; 3.3-V LVTTL  ; 0 s                 ; 0 s                 ; 3.08 V                       ; 2.02e-05 V                   ; 3.11 V              ; -0.117 V            ; 0.087 V                              ; 0.147 V                              ; 5.3e-10 s                   ; 3.14e-10 s                  ; Yes                        ; No                         ; 3.08 V                      ; 2.02e-05 V                  ; 3.11 V             ; -0.117 V           ; 0.087 V                             ; 0.147 V                             ; 5.3e-10 s                  ; 3.14e-10 s                 ; Yes                       ; No                        ;
; HEX1[4]   ; 3.3-V LVTTL  ; 0 s                 ; 0 s                 ; 3.08 V                       ; 2.02e-05 V                   ; 3.11 V              ; -0.117 V            ; 0.087 V                              ; 0.147 V                              ; 5.3e-10 s                   ; 3.14e-10 s                  ; Yes                        ; No                         ; 3.08 V                      ; 2.02e-05 V                  ; 3.11 V             ; -0.117 V           ; 0.087 V                             ; 0.147 V                             ; 5.3e-10 s                  ; 3.14e-10 s                 ; Yes                       ; No                        ;
; HEX1[5]   ; 3.3-V LVTTL  ; 0 s                 ; 0 s                 ; 3.08 V                       ; 2.02e-05 V                   ; 3.11 V              ; -0.117 V            ; 0.087 V                              ; 0.148 V                              ; 5.31e-10 s                  ; 3.14e-10 s                  ; Yes                        ; No                         ; 3.08 V                      ; 2.02e-05 V                  ; 3.11 V             ; -0.117 V           ; 0.087 V                             ; 0.148 V                             ; 5.31e-10 s                 ; 3.14e-10 s                 ; Yes                       ; No                        ;
; HEX1[6]   ; 3.3-V LVTTL  ; 0 s                 ; 0 s                 ; 3.08 V                       ; 2.02e-05 V                   ; 3.11 V              ; -0.117 V            ; 0.087 V                              ; 0.148 V                              ; 5.31e-10 s                  ; 3.14e-10 s                  ; Yes                        ; No                         ; 3.08 V                      ; 2.02e-05 V                  ; 3.11 V             ; -0.117 V           ; 0.087 V                             ; 0.148 V                             ; 5.31e-10 s                 ; 3.14e-10 s                 ; Yes                       ; No                        ;
+-----------+--------------+---------------------+---------------------+------------------------------+------------------------------+---------------------+---------------------+--------------------------------------+--------------------------------------+-----------------------------+-----------------------------+----------------------------+----------------------------+-----------------------------+-----------------------------+--------------------+--------------------+-------------------------------------+-------------------------------------+----------------------------+----------------------------+---------------------------+---------------------------+


+----------------------------------------------------------------------------------------------------------------------------------------------------------------------------------------------------------------------------------------------------------------------------------------------------------------------------------------------------------------------------------------------------------------------------------------------------------------------------------------------------------------------------------------------------------------------------------------------------------------------------------------------------------------------------------------+
; Signal Integrity Metrics (Fast 1100mv 0c Model)                                                                                                                                                                                                                                                                                                                                                                                                                                                                                                                                                                                                                                        ;
+-----------+--------------+---------------------+---------------------+------------------------------+------------------------------+---------------------+---------------------+--------------------------------------+--------------------------------------+-----------------------------+-----------------------------+----------------------------+----------------------------+-----------------------------+-----------------------------+--------------------+--------------------+-------------------------------------+-------------------------------------+----------------------------+----------------------------+---------------------------+---------------------------+
; Pin       ; I/O Standard ; Board Delay on Rise ; Board Delay on Fall ; Steady State Voh at FPGA Pin ; Steady State Vol at FPGA Pin ; Voh Max at FPGA Pin ; Vol Min at FPGA Pin ; Ringback Voltage on Rise at FPGA Pin ; Ringback Voltage on Fall at FPGA Pin ; 10-90 Rise Time at FPGA Pin ; 90-10 Fall Time at FPGA Pin ; Monotonic Rise at FPGA Pin ; Monotonic Fall at FPGA Pin ; Steady State Voh at Far-end ; Steady State Vol at Far-end ; Voh Max at Far-end ; Vol Min at Far-end ; Ringback Voltage on Rise at Far-end ; Ringback Voltage on Fall at Far-end ; 10-90 Rise Time at Far-end ; 90-10 Fall Time at Far-end ; Monotonic Rise at Far-end ; Monotonic Fall at Far-end ;
+-----------+--------------+---------------------+---------------------+------------------------------+------------------------------+---------------------+---------------------+--------------------------------------+--------------------------------------+-----------------------------+-----------------------------+----------------------------+----------------------------+-----------------------------+-----------------------------+--------------------+--------------------+-------------------------------------+-------------------------------------+----------------------------+----------------------------+---------------------------+---------------------------+
; LEDR_Y[0] ; 3.3-V LVTTL  ; 0 s                 ; 0 s                 ; 3.63 V                       ; 4.72e-06 V                   ; 3.7 V               ; -0.49 V             ; 0.117 V                              ; 0.622 V                              ; 3.84e-10 s                  ; 1.48e-10 s                  ; Yes                        ; No                         ; 3.63 V                      ; 4.72e-06 V                  ; 3.7 V              ; -0.49 V            ; 0.117 V                             ; 0.622 V                             ; 3.84e-10 s                 ; 1.48e-10 s                 ; Yes                       ; No                        ;
; LEDR_Y[1] ; 3.3-V LVTTL  ; 0 s                 ; 0 s                 ; 3.63 V                       ; 4.72e-06 V                   ; 3.7 V               ; -0.49 V             ; 0.117 V                              ; 0.621 V                              ; 3.84e-10 s                  ; 1.48e-10 s                  ; Yes                        ; No                         ; 3.63 V                      ; 4.72e-06 V                  ; 3.7 V              ; -0.49 V            ; 0.117 V                             ; 0.621 V                             ; 3.84e-10 s                 ; 1.48e-10 s                 ; Yes                       ; No                        ;
; LEDR_Y[2] ; 3.3-V LVTTL  ; 0 s                 ; 0 s                 ; 3.63 V                       ; 3.63e-06 V                   ; 3.64 V              ; -0.326 V            ; 0.091 V                              ; 0.479 V                              ; 3.83e-10 s                  ; 1.5e-10 s                   ; Yes                        ; No                         ; 3.63 V                      ; 3.63e-06 V                  ; 3.64 V             ; -0.326 V           ; 0.091 V                             ; 0.479 V                             ; 3.83e-10 s                 ; 1.5e-10 s                  ; Yes                       ; No                        ;
; LEDR_Y[3] ; 3.3-V LVTTL  ; 0 s                 ; 0 s                 ; 3.63 V                       ; 4.94e-06 V                   ; 3.69 V              ; -0.414 V            ; 0.134 V                              ; 0.585 V                              ; 4.19e-10 s                  ; 1.53e-10 s                  ; Yes                        ; No                         ; 3.63 V                      ; 4.94e-06 V                  ; 3.69 V             ; -0.414 V           ; 0.134 V                             ; 0.585 V                             ; 4.19e-10 s                 ; 1.53e-10 s                 ; Yes                       ; No                        ;
; LEDR_Y[4] ; 3.3-V LVTTL  ; 0 s                 ; 0 s                 ; 3.63 V                       ; 4.72e-06 V                   ; 3.7 V               ; -0.49 V             ; 0.117 V                              ; 0.622 V                              ; 3.84e-10 s                  ; 1.48e-10 s                  ; Yes                        ; No                         ; 3.63 V                      ; 4.72e-06 V                  ; 3.7 V              ; -0.49 V            ; 0.117 V                             ; 0.622 V                             ; 3.84e-10 s                 ; 1.48e-10 s                 ; Yes                       ; No                        ;
; LEDR_Cout ; 3.3-V LVTTL  ; 0 s                 ; 0 s                 ; 3.63 V                       ; 4.72e-06 V                   ; 3.7 V               ; -0.49 V             ; 0.117 V                              ; 0.621 V                              ; 3.84e-10 s                  ; 1.48e-10 s                  ; Yes                        ; No                         ; 3.63 V                      ; 4.72e-06 V                  ; 3.7 V              ; -0.49 V            ; 0.117 V                             ; 0.621 V                             ; 3.84e-10 s                 ; 1.48e-10 s                 ; Yes                       ; No                        ;
; HEX0[0]   ; 3.3-V LVTTL  ; 0 s                 ; 0 s                 ; 3.63 V                       ; 4.72e-06 V                   ; 3.7 V               ; -0.49 V             ; 0.117 V                              ; 0.621 V                              ; 3.84e-10 s                  ; 1.48e-10 s                  ; Yes                        ; No                         ; 3.63 V                      ; 4.72e-06 V                  ; 3.7 V              ; -0.49 V            ; 0.117 V                             ; 0.621 V                             ; 3.84e-10 s                 ; 1.48e-10 s                 ; Yes                       ; No                        ;
; HEX0[1]   ; 3.3-V LVTTL  ; 0 s                 ; 0 s                 ; 3.63 V                       ; 4.72e-06 V                   ; 3.7 V               ; -0.49 V             ; 0.117 V                              ; 0.622 V                              ; 3.84e-10 s                  ; 1.48e-10 s                  ; Yes                        ; No                         ; 3.63 V                      ; 4.72e-06 V                  ; 3.7 V              ; -0.49 V            ; 0.117 V                             ; 0.622 V                             ; 3.84e-10 s                 ; 1.48e-10 s                 ; Yes                       ; No                        ;
; HEX0[2]   ; 3.3-V LVTTL  ; 0 s                 ; 0 s                 ; 3.63 V                       ; 4.72e-06 V                   ; 3.7 V               ; -0.49 V             ; 0.117 V                              ; 0.622 V                              ; 3.84e-10 s                  ; 1.48e-10 s                  ; Yes                        ; No                         ; 3.63 V                      ; 4.72e-06 V                  ; 3.7 V              ; -0.49 V            ; 0.117 V                             ; 0.622 V                             ; 3.84e-10 s                 ; 1.48e-10 s                 ; Yes                       ; No                        ;
; HEX0[3]   ; 3.3-V LVTTL  ; 0 s                 ; 0 s                 ; 3.63 V                       ; 4.72e-06 V                   ; 3.7 V               ; -0.49 V             ; 0.117 V                              ; 0.622 V                              ; 3.84e-10 s                  ; 1.48e-10 s                  ; Yes                        ; No                         ; 3.63 V                      ; 4.72e-06 V                  ; 3.7 V              ; -0.49 V            ; 0.117 V                             ; 0.622 V                             ; 3.84e-10 s                 ; 1.48e-10 s                 ; Yes                       ; No                        ;
; HEX0[4]   ; 3.3-V LVTTL  ; 0 s                 ; 0 s                 ; 3.63 V                       ; 4.72e-06 V                   ; 3.7 V               ; -0.49 V             ; 0.117 V                              ; 0.621 V                              ; 3.84e-10 s                  ; 1.48e-10 s                  ; Yes                        ; No                         ; 3.63 V                      ; 4.72e-06 V                  ; 3.7 V              ; -0.49 V            ; 0.117 V                             ; 0.621 V                             ; 3.84e-10 s                 ; 1.48e-10 s                 ; Yes                       ; No                        ;
; HEX0[5]   ; 3.3-V LVTTL  ; 0 s                 ; 0 s                 ; 3.63 V                       ; 4.72e-06 V                   ; 3.7 V               ; -0.49 V             ; 0.117 V                              ; 0.621 V                              ; 3.84e-10 s                  ; 1.48e-10 s                  ; Yes                        ; No                         ; 3.63 V                      ; 4.72e-06 V                  ; 3.7 V              ; -0.49 V            ; 0.117 V                             ; 0.621 V                             ; 3.84e-10 s                 ; 1.48e-10 s                 ; Yes                       ; No                        ;
; HEX0[6]   ; 3.3-V LVTTL  ; 0 s                 ; 0 s                 ; 3.63 V                       ; 4.72e-06 V                   ; 3.7 V               ; -0.49 V             ; 0.117 V                              ; 0.622 V                              ; 3.84e-10 s                  ; 1.48e-10 s                  ; Yes                        ; No                         ; 3.63 V                      ; 4.72e-06 V                  ; 3.7 V              ; -0.49 V            ; 0.117 V                             ; 0.622 V                             ; 3.84e-10 s                 ; 1.48e-10 s                 ; Yes                       ; No                        ;
; HEX1[0]   ; 3.3-V LVTTL  ; 0 s                 ; 0 s                 ; 3.63 V                       ; 4.72e-06 V                   ; 3.7 V               ; -0.49 V             ; 0.117 V                              ; 0.622 V                              ; 3.84e-10 s                  ; 1.48e-10 s                  ; Yes                        ; No                         ; 3.63 V                      ; 4.72e-06 V                  ; 3.7 V              ; -0.49 V            ; 0.117 V                             ; 0.622 V                             ; 3.84e-10 s                 ; 1.48e-10 s                 ; Yes                       ; No                        ;
; HEX1[1]   ; 3.3-V LVTTL  ; 0 s                 ; 0 s                 ; 3.63 V                       ; 4.72e-06 V                   ; 3.7 V               ; -0.49 V             ; 0.117 V                              ; 0.621 V                              ; 3.84e-10 s                  ; 1.48e-10 s                  ; Yes                        ; No                         ; 3.63 V                      ; 4.72e-06 V                  ; 3.7 V              ; -0.49 V            ; 0.117 V                             ; 0.621 V                             ; 3.84e-10 s                 ; 1.48e-10 s                 ; Yes                       ; No                        ;
; HEX1[2]   ; 3.3-V LVTTL  ; 0 s                 ; 0 s                 ; 3.63 V                       ; 4.72e-06 V                   ; 3.7 V               ; -0.49 V             ; 0.117 V                              ; 0.621 V                              ; 3.84e-10 s                  ; 1.48e-10 s                  ; Yes                        ; No                         ; 3.63 V                      ; 4.72e-06 V                  ; 3.7 V              ; -0.49 V            ; 0.117 V                             ; 0.621 V                             ; 3.84e-10 s                 ; 1.48e-10 s                 ; Yes                       ; No                        ;
; HEX1[3]   ; 3.3-V LVTTL  ; 0 s                 ; 0 s                 ; 3.63 V                       ; 4.72e-06 V                   ; 3.7 V               ; -0.49 V             ; 0.117 V                              ; 0.622 V                              ; 3.84e-10 s                  ; 1.48e-10 s                  ; Yes                        ; No                         ; 3.63 V                      ; 4.72e-06 V                  ; 3.7 V              ; -0.49 V            ; 0.117 V                             ; 0.622 V                             ; 3.84e-10 s                 ; 1.48e-10 s                 ; Yes                       ; No                        ;
; HEX1[4]   ; 3.3-V LVTTL  ; 0 s                 ; 0 s                 ; 3.63 V                       ; 4.72e-06 V                   ; 3.7 V               ; -0.49 V             ; 0.117 V                              ; 0.622 V                              ; 3.84e-10 s                  ; 1.48e-10 s                  ; Yes                        ; No                         ; 3.63 V                      ; 4.72e-06 V                  ; 3.7 V              ; -0.49 V            ; 0.117 V                             ; 0.622 V                             ; 3.84e-10 s                 ; 1.48e-10 s                 ; Yes                       ; No                        ;
; HEX1[5]   ; 3.3-V LVTTL  ; 0 s                 ; 0 s                 ; 3.63 V                       ; 4.72e-06 V                   ; 3.7 V               ; -0.49 V             ; 0.117 V                              ; 0.621 V                              ; 3.84e-10 s                  ; 1.48e-10 s                  ; Yes                        ; No                         ; 3.63 V                      ; 4.72e-06 V                  ; 3.7 V              ; -0.49 V            ; 0.117 V                             ; 0.621 V                             ; 3.84e-10 s                 ; 1.48e-10 s                 ; Yes                       ; No                        ;
; HEX1[6]   ; 3.3-V LVTTL  ; 0 s                 ; 0 s                 ; 3.63 V                       ; 4.72e-06 V                   ; 3.7 V               ; -0.49 V             ; 0.117 V                              ; 0.621 V                              ; 3.84e-10 s                  ; 1.48e-10 s                  ; Yes                        ; No                         ; 3.63 V                      ; 4.72e-06 V                  ; 3.7 V              ; -0.49 V            ; 0.117 V                             ; 0.621 V                             ; 3.84e-10 s                 ; 1.48e-10 s                 ; Yes                       ; No                        ;
+-----------+--------------+---------------------+---------------------+------------------------------+------------------------------+---------------------+---------------------+--------------------------------------+--------------------------------------+-----------------------------+-----------------------------+----------------------------+----------------------------+-----------------------------+-----------------------------+--------------------+--------------------+-------------------------------------+-------------------------------------+----------------------------+----------------------------+---------------------------+---------------------------+


+----------------------------------------------------------------------------------------------------------------------------------------------------------------------------------------------------------------------------------------------------------------------------------------------------------------------------------------------------------------------------------------------------------------------------------------------------------------------------------------------------------------------------------------------------------------------------------------------------------------------------------------------------------------------------------------+
; Signal Integrity Metrics (Fast 1100mv 85c Model)                                                                                                                                                                                                                                                                                                                                                                                                                                                                                                                                                                                                                                       ;
+-----------+--------------+---------------------+---------------------+------------------------------+------------------------------+---------------------+---------------------+--------------------------------------+--------------------------------------+-----------------------------+-----------------------------+----------------------------+----------------------------+-----------------------------+-----------------------------+--------------------+--------------------+-------------------------------------+-------------------------------------+----------------------------+----------------------------+---------------------------+---------------------------+
; Pin       ; I/O Standard ; Board Delay on Rise ; Board Delay on Fall ; Steady State Voh at FPGA Pin ; Steady State Vol at FPGA Pin ; Voh Max at FPGA Pin ; Vol Min at FPGA Pin ; Ringback Voltage on Rise at FPGA Pin ; Ringback Voltage on Fall at FPGA Pin ; 10-90 Rise Time at FPGA Pin ; 90-10 Fall Time at FPGA Pin ; Monotonic Rise at FPGA Pin ; Monotonic Fall at FPGA Pin ; Steady State Voh at Far-end ; Steady State Vol at Far-end ; Voh Max at Far-end ; Vol Min at Far-end ; Ringback Voltage on Rise at Far-end ; Ringback Voltage on Fall at Far-end ; 10-90 Rise Time at Far-end ; 90-10 Fall Time at Far-end ; Monotonic Rise at Far-end ; Monotonic Fall at Far-end ;
+-----------+--------------+---------------------+---------------------+------------------------------+------------------------------+---------------------+---------------------+--------------------------------------+--------------------------------------+-----------------------------+-----------------------------+----------------------------+----------------------------+-----------------------------+-----------------------------+--------------------+--------------------+-------------------------------------+-------------------------------------+----------------------------+----------------------------+---------------------------+---------------------------+
; LEDR_Y[0] ; 3.3-V LVTTL  ; 0 s                 ; 0 s                 ; 3.63 V                       ; 0.000229 V                   ; 3.65 V              ; -0.316 V            ; 0.041 V                              ; 0.53 V                               ; 4.29e-10 s                  ; 1.87e-10 s                  ; Yes                        ; No                         ; 3.63 V                      ; 0.000229 V                  ; 3.65 V             ; -0.316 V           ; 0.041 V                             ; 0.53 V                              ; 4.29e-10 s                 ; 1.87e-10 s                 ; Yes                       ; No                        ;
; LEDR_Y[1] ; 3.3-V LVTTL  ; 0 s                 ; 0 s                 ; 3.63 V                       ; 0.000229 V                   ; 3.65 V              ; -0.319 V            ; 0.041 V                              ; 0.528 V                              ; 4.29e-10 s                  ; 1.87e-10 s                  ; Yes                        ; No                         ; 3.63 V                      ; 0.000229 V                  ; 3.65 V             ; -0.319 V           ; 0.041 V                             ; 0.528 V                             ; 4.29e-10 s                 ; 1.87e-10 s                 ; Yes                       ; No                        ;
; LEDR_Y[2] ; 3.3-V LVTTL  ; 0 s                 ; 0 s                 ; 3.63 V                       ; 0.000184 V                   ; 3.64 V              ; -0.19 V             ; 0.019 V                              ; 0.425 V                              ; 4.44e-10 s                  ; 1.91e-10 s                  ; Yes                        ; No                         ; 3.63 V                      ; 0.000184 V                  ; 3.64 V             ; -0.19 V            ; 0.019 V                             ; 0.425 V                             ; 4.44e-10 s                 ; 1.91e-10 s                 ; Yes                       ; No                        ;
; LEDR_Y[3] ; 3.3-V LVTTL  ; 0 s                 ; 0 s                 ; 3.63 V                       ; 0.000238 V                   ; 3.64 V              ; -0.254 V            ; 0.052 V                              ; 0.543 V                              ; 4.59e-10 s                  ; 1.96e-10 s                  ; Yes                        ; No                         ; 3.63 V                      ; 0.000238 V                  ; 3.64 V             ; -0.254 V           ; 0.052 V                             ; 0.543 V                             ; 4.59e-10 s                 ; 1.96e-10 s                 ; Yes                       ; No                        ;
; LEDR_Y[4] ; 3.3-V LVTTL  ; 0 s                 ; 0 s                 ; 3.63 V                       ; 0.000229 V                   ; 3.65 V              ; -0.316 V            ; 0.041 V                              ; 0.53 V                               ; 4.29e-10 s                  ; 1.87e-10 s                  ; Yes                        ; No                         ; 3.63 V                      ; 0.000229 V                  ; 3.65 V             ; -0.316 V           ; 0.041 V                             ; 0.53 V                              ; 4.29e-10 s                 ; 1.87e-10 s                 ; Yes                       ; No                        ;
; LEDR_Cout ; 3.3-V LVTTL  ; 0 s                 ; 0 s                 ; 3.63 V                       ; 0.000229 V                   ; 3.65 V              ; -0.319 V            ; 0.041 V                              ; 0.528 V                              ; 4.29e-10 s                  ; 1.87e-10 s                  ; Yes                        ; No                         ; 3.63 V                      ; 0.000229 V                  ; 3.65 V             ; -0.319 V           ; 0.041 V                             ; 0.528 V                             ; 4.29e-10 s                 ; 1.87e-10 s                 ; Yes                       ; No                        ;
; HEX0[0]   ; 3.3-V LVTTL  ; 0 s                 ; 0 s                 ; 3.63 V                       ; 0.000229 V                   ; 3.65 V              ; -0.319 V            ; 0.041 V                              ; 0.528 V                              ; 4.29e-10 s                  ; 1.87e-10 s                  ; Yes                        ; No                         ; 3.63 V                      ; 0.000229 V                  ; 3.65 V             ; -0.319 V           ; 0.041 V                             ; 0.528 V                             ; 4.29e-10 s                 ; 1.87e-10 s                 ; Yes                       ; No                        ;
; HEX0[1]   ; 3.3-V LVTTL  ; 0 s                 ; 0 s                 ; 3.63 V                       ; 0.000229 V                   ; 3.65 V              ; -0.316 V            ; 0.041 V                              ; 0.53 V                               ; 4.29e-10 s                  ; 1.87e-10 s                  ; Yes                        ; No                         ; 3.63 V                      ; 0.000229 V                  ; 3.65 V             ; -0.316 V           ; 0.041 V                             ; 0.53 V                              ; 4.29e-10 s                 ; 1.87e-10 s                 ; Yes                       ; No                        ;
; HEX0[2]   ; 3.3-V LVTTL  ; 0 s                 ; 0 s                 ; 3.63 V                       ; 0.000229 V                   ; 3.65 V              ; -0.316 V            ; 0.041 V                              ; 0.53 V                               ; 4.29e-10 s                  ; 1.87e-10 s                  ; Yes                        ; No                         ; 3.63 V                      ; 0.000229 V                  ; 3.65 V             ; -0.316 V           ; 0.041 V                             ; 0.53 V                              ; 4.29e-10 s                 ; 1.87e-10 s                 ; Yes                       ; No                        ;
; HEX0[3]   ; 3.3-V LVTTL  ; 0 s                 ; 0 s                 ; 3.63 V                       ; 0.000229 V                   ; 3.65 V              ; -0.316 V            ; 0.041 V                              ; 0.53 V                               ; 4.29e-10 s                  ; 1.87e-10 s                  ; Yes                        ; No                         ; 3.63 V                      ; 0.000229 V                  ; 3.65 V             ; -0.316 V           ; 0.041 V                             ; 0.53 V                              ; 4.29e-10 s                 ; 1.87e-10 s                 ; Yes                       ; No                        ;
; HEX0[4]   ; 3.3-V LVTTL  ; 0 s                 ; 0 s                 ; 3.63 V                       ; 0.000229 V                   ; 3.65 V              ; -0.319 V            ; 0.041 V                              ; 0.528 V                              ; 4.29e-10 s                  ; 1.87e-10 s                  ; Yes                        ; No                         ; 3.63 V                      ; 0.000229 V                  ; 3.65 V             ; -0.319 V           ; 0.041 V                             ; 0.528 V                             ; 4.29e-10 s                 ; 1.87e-10 s                 ; Yes                       ; No                        ;
; HEX0[5]   ; 3.3-V LVTTL  ; 0 s                 ; 0 s                 ; 3.63 V                       ; 0.000229 V                   ; 3.65 V              ; -0.319 V            ; 0.041 V                              ; 0.528 V                              ; 4.29e-10 s                  ; 1.87e-10 s                  ; Yes                        ; No                         ; 3.63 V                      ; 0.000229 V                  ; 3.65 V             ; -0.319 V           ; 0.041 V                             ; 0.528 V                             ; 4.29e-10 s                 ; 1.87e-10 s                 ; Yes                       ; No                        ;
; HEX0[6]   ; 3.3-V LVTTL  ; 0 s                 ; 0 s                 ; 3.63 V                       ; 0.000229 V                   ; 3.65 V              ; -0.316 V            ; 0.041 V                              ; 0.53 V                               ; 4.29e-10 s                  ; 1.87e-10 s                  ; Yes                        ; No                         ; 3.63 V                      ; 0.000229 V                  ; 3.65 V             ; -0.316 V           ; 0.041 V                             ; 0.53 V                              ; 4.29e-10 s                 ; 1.87e-10 s                 ; Yes                       ; No                        ;
; HEX1[0]   ; 3.3-V LVTTL  ; 0 s                 ; 0 s                 ; 3.63 V                       ; 0.000229 V                   ; 3.65 V              ; -0.316 V            ; 0.041 V                              ; 0.53 V                               ; 4.29e-10 s                  ; 1.87e-10 s                  ; Yes                        ; No                         ; 3.63 V                      ; 0.000229 V                  ; 3.65 V             ; -0.316 V           ; 0.041 V                             ; 0.53 V                              ; 4.29e-10 s                 ; 1.87e-10 s                 ; Yes                       ; No                        ;
; HEX1[1]   ; 3.3-V LVTTL  ; 0 s                 ; 0 s                 ; 3.63 V                       ; 0.000229 V                   ; 3.65 V              ; -0.319 V            ; 0.041 V                              ; 0.528 V                              ; 4.29e-10 s                  ; 1.87e-10 s                  ; Yes                        ; No                         ; 3.63 V                      ; 0.000229 V                  ; 3.65 V             ; -0.319 V           ; 0.041 V                             ; 0.528 V                             ; 4.29e-10 s                 ; 1.87e-10 s                 ; Yes                       ; No                        ;
; HEX1[2]   ; 3.3-V LVTTL  ; 0 s                 ; 0 s                 ; 3.63 V                       ; 0.000229 V                   ; 3.65 V              ; -0.319 V            ; 0.041 V                              ; 0.528 V                              ; 4.29e-10 s                  ; 1.87e-10 s                  ; Yes                        ; No                         ; 3.63 V                      ; 0.000229 V                  ; 3.65 V             ; -0.319 V           ; 0.041 V                             ; 0.528 V                             ; 4.29e-10 s                 ; 1.87e-10 s                 ; Yes                       ; No                        ;
; HEX1[3]   ; 3.3-V LVTTL  ; 0 s                 ; 0 s                 ; 3.63 V                       ; 0.000229 V                   ; 3.65 V              ; -0.316 V            ; 0.041 V                              ; 0.53 V                               ; 4.29e-10 s                  ; 1.87e-10 s                  ; Yes                        ; No                         ; 3.63 V                      ; 0.000229 V                  ; 3.65 V             ; -0.316 V           ; 0.041 V                             ; 0.53 V                              ; 4.29e-10 s                 ; 1.87e-10 s                 ; Yes                       ; No                        ;
; HEX1[4]   ; 3.3-V LVTTL  ; 0 s                 ; 0 s                 ; 3.63 V                       ; 0.000229 V                   ; 3.65 V              ; -0.316 V            ; 0.041 V                              ; 0.53 V                               ; 4.29e-10 s                  ; 1.87e-10 s                  ; Yes                        ; No                         ; 3.63 V                      ; 0.000229 V                  ; 3.65 V             ; -0.316 V           ; 0.041 V                             ; 0.53 V                              ; 4.29e-10 s                 ; 1.87e-10 s                 ; Yes                       ; No                        ;
; HEX1[5]   ; 3.3-V LVTTL  ; 0 s                 ; 0 s                 ; 3.63 V                       ; 0.000229 V                   ; 3.65 V              ; -0.319 V            ; 0.041 V                              ; 0.528 V                              ; 4.29e-10 s                  ; 1.87e-10 s                  ; Yes                        ; No                         ; 3.63 V                      ; 0.000229 V                  ; 3.65 V             ; -0.319 V           ; 0.041 V                             ; 0.528 V                             ; 4.29e-10 s                 ; 1.87e-10 s                 ; Yes                       ; No                        ;
; HEX1[6]   ; 3.3-V LVTTL  ; 0 s                 ; 0 s                 ; 3.63 V                       ; 0.000229 V                   ; 3.65 V              ; -0.319 V            ; 0.041 V                              ; 0.528 V                              ; 4.29e-10 s                  ; 1.87e-10 s                  ; Yes                        ; No                         ; 3.63 V                      ; 0.000229 V                  ; 3.65 V             ; -0.319 V           ; 0.041 V                             ; 0.528 V                             ; 4.29e-10 s                 ; 1.87e-10 s                 ; Yes                       ; No                        ;
+-----------+--------------+---------------------+---------------------+------------------------------+------------------------------+---------------------+---------------------+--------------------------------------+--------------------------------------+-----------------------------+-----------------------------+----------------------------+----------------------------+-----------------------------+-----------------------------+--------------------+--------------------+-------------------------------------+-------------------------------------+----------------------------+----------------------------+---------------------------+---------------------------+


-------------------
; Clock Transfers ;
-------------------
Nothing to report.


---------------
; Report TCCS ;
---------------
No dedicated SERDES Transmitter circuitry present in device or used in design


---------------
; Report RSKM ;
---------------
No non-DPA dedicated SERDES Receiver circuitry present in device or used in design


+------------------------------------------------+
; Unconstrained Paths                            ;
+---------------------------------+-------+------+
; Property                        ; Setup ; Hold ;
+---------------------------------+-------+------+
; Illegal Clocks                  ; 0     ; 0    ;
; Unconstrained Clocks            ; 0     ; 0    ;
; Unconstrained Input Ports       ; 10    ; 10   ;
; Unconstrained Input Port Paths  ; 184   ; 184  ;
; Unconstrained Output Ports      ; 19    ; 19   ;
; Unconstrained Output Port Paths ; 184   ; 184  ;
+---------------------------------+-------+------+


+------------------------------------+
; TimeQuest Timing Analyzer Messages ;
+------------------------------------+
Info: *******************************************************************
Info: Running Quartus II 64-Bit TimeQuest Timing Analyzer
    Info: Version 13.1.0 Build 162 10/23/2013 SJ Web Edition
    Info: Processing started: Thu Sep 24 21:22:45 2026
Info: Command: quartus_sta ejer13 -c ejer13
Info: qsta_default_script.tcl version: #1
Info (11104): Parallel Compilation has detected 20 hyper-threaded processors. However, the extra hyper-threaded processors will not be used by default. Parallel Compilation will use 14 of the 14 physical processors detected instead.
Info (21077): Low junction temperature is 0 degrees C
Info (21077): High junction temperature is 85 degrees C
Critical Warning (332012): Synopsys Design Constraints File file not found: 'ejer13.sdc'. A Synopsys Design Constraints File is required by the TimeQuest Timing Analyzer to get proper timing constraints. Without it, the Compiler will not properly optimize the design.
Info (332142): No user constrained base clocks found in the design. Calling "derive_clocks -period 1.0"
Info (332096): The command derive_clocks did not find any clocks to derive.  No clocks were created or changed.
Warning (332068): No clocks defined in design.
Info (332143): No user constrained clock uncertainty found in the design. Calling "derive_clock_uncertainty"
Info (332154): The derive_clock_uncertainty command did not apply clock uncertainty to any clock-to-clock transfers.
Info: Found TIMEQUEST_REPORT_SCRIPT_INCLUDE_DEFAULT_ANALYSIS = ON
Info (332159): No clocks to report
Info: Analyzing Slow 1100mV 85C Model
Info (332140): No fmax paths to report
Info (332140): No Setup paths to report
Info (332140): No Hold paths to report
Info (332140): No Recovery paths to report
Info (332140): No Removal paths to report
Info (332140): No Minimum Pulse Width paths to report
Info: Analyzing Slow 1100mV 0C Model
Info (334003): Started post-fitting delay annotation
Info (334004): Delay annotation completed successfully
Info (332142): No user constrained base clocks found in the design. Calling "derive_clocks -period 1.0"
Info (332096): The command derive_clocks did not find any clocks to derive.  No clocks were created or changed.
Warning (332068): No clocks defined in design.
Info (332154): The derive_clock_uncertainty command did not apply clock uncertainty to any clock-to-clock transfers.
Info (332140): No fmax paths to report
Info (332140): No Setup paths to report
Info (332140): No Hold paths to report
Info (332140): No Recovery paths to report
Info (332140): No Removal paths to report
Info (332140): No Minimum Pulse Width paths to report
Info: Analyzing Fast 1100mV 85C Model
Info (334003): Started post-fitting delay annotation
Info (334004): Delay annotation completed successfully
Info (332142): No user constrained base clocks found in the design. Calling "derive_clocks -period 1.0"
Info (332096): The command derive_clocks did not find any clocks to derive.  No clocks were created or changed.
Warning (332068): No clocks defined in design.
Info (332154): The derive_clock_uncertainty command did not apply clock uncertainty to any clock-to-clock transfers.
Info (332140): No Setup paths to report
Info (332140): No Hold paths to report
Info (332140): No Recovery paths to report
Info (332140): No Removal paths to report
Info (332140): No Minimum Pulse Width paths to report
Info: Analyzing Fast 1100mV 0C Model
Info (332142): No user constrained base clocks found in the design. Calling "derive_clocks -period 1.0"
Info (332096): The command derive_clocks did not find any clocks to derive.  No clocks were created or changed.
Warning (332068): No clocks defined in design.
Info (332154): The derive_clock_uncertainty command did not apply clock uncertainty to any clock-to-clock transfers.
Info (332140): No Setup paths to report
Info (332140): No Hold paths to report
Info (332140): No Recovery paths to report
Info (332140): No Removal paths to report
Info (332140): No Minimum Pulse Width paths to report
Info (332102): Design is not fully constrained for setup requirements
Info (332102): Design is not fully constrained for hold requirements
Info: Quartus II 64-Bit TimeQuest Timing Analyzer was successful. 0 errors, 5 warnings
    Info: Peak virtual memory: 5006 megabytes
    Info: Processing ended: Thu Sep 24 21:22:49 2026
    Info: Elapsed time: 00:00:04
    Info: Total CPU time (on all processors): 00:00:04


